frame,time_s,left_hip_pitch_joint,right_hip_pitch_joint,waist_yaw_joint,left_hip_roll_joint,right_hip_roll_joint,waist_roll_joint,left_hip_yaw_joint,right_hip_yaw_joint,waist_pitch_joint,left_knee_joint,right_knee_joint,left_shoulder_pitch_joint,right_shoulder_pitch_joint,left_ankle_pitch_joint,right_ankle_pitch_joint,left_shoulder_roll_joint,right_shoulder_roll_joint,left_ankle_roll_joint,right_ankle_roll_joint,left_shoulder_yaw_joint,right_shoulder_yaw_joint,left_elbow_joint,right_elbow_joint,left_wrist_roll_joint,right_wrist_roll_joint,left_wrist_pitch_joint,right_wrist_pitch_joint,left_wrist_yaw_joint,right_wrist_yaw_joint
51,0.020000,-20.494034,14.295597,7.559894,29.757973,1.734489,0.154704,-9.809011,-0.976067,-0.641524,-21.932053,7.428703,-3.839507,-10.736457,1.133251,-0.066992,-2.148309,-3.535087,8.919821,0.006440,-0.756595,-0.424263,-2.278185,-4.851029,-0.063137,-0.060817,-0.584516,-1.289533,-0.068852,-0.127164
52,0.040000,-29.467503,18.396362,7.488020,29.472647,1.674256,-1.071465,-7.010972,-0.599037,2.560621,-25.907558,7.458116,-3.473581,-11.434914,2.550549,-0.052245,-3.079507,-4.025664,8.106278,-0.012885,-1.148735,-0.744251,-2.488532,-4.928251,-0.058881,-0.073894,-0.684345,-1.307377,-0.181803,-0.237629
53,0.060000,-35.636436,23.632669,7.914088,29.544029,1.492579,-1.077302,-4.656195,-0.457365,3.638191,-26.275227,10.730923,-1.872603,-10.847688,3.900571,0.214844,-2.508255,-3.917455,7.753926,-0.016102,-0.975347,-0.841288,-1.985070,-4.707980,-0.052499,0.008959,-0.562875,-1.272093,-0.181484,-0.274211
54,0.080000,-38.213814,26.421001,9.798875,26.789257,0.441774,-0.382020,-4.048007,-0.014298,4.338977,-24.156969,11.940084,0.411851,-9.572575,4.480861,0.390142,-1.401357,-3.613447,6.769022,-0.027264,-0.616724,-0.735353,-1.003775,-4.293488,-0.002568,0.051757,-0.341869,-1.132410,-0.161573,-0.257054
55,0.100000,-38.230507,25.942257,11.321210,23.565557,-0.091064,0.804472,-4.269041,0.267900,5.683675,-22.011547,11.533346,2.779499,-7.983154,4.786371,0.439566,-0.214268,-3.155226,5.589783,-0.020813,-0.209190,-0.564875,0.044240,-3.664257,0.015212,0.035424,-0.061093,-0.953063,-0.103830,-0.206921
56,0.120000,-37.941704,23.942476,11.698327,21.438251,0.858925,2.187798,-5.456573,-0.164848,7.614719,-21.345224,11.058074,3.878314,-6.081488,5.069777,0.466214,0.934908,-2.966339,4.669036,0.003081,0.244298,-0.499049,0.706267,-2.849345,0.002470,0.006134,0.192110,-0.742296,-0.002939,-0.132396
57,0.140000,-36.553417,19.083849,10.880102,20.592459,2.265586,3.589279,-7.268792,-0.729641,10.428385,-21.584574,9.316469,4.284069,-4.058476,5.556080,0.392728,2.102110,-2.462527,4.195207,0.050846,0.631939,-0.371907,1.027415,-1.953476,-0.019930,0.020463,0.349867,-0.471750,0.051916,-0.037236
58,0.160000,-33.709900,13.701292,9.861936,20.143570,2.698017,4.554343,-8.320705,-0.841530,12.961259,-19.755281,7.477336,4.959128,-1.692636,6.970038,0.244022,3.084159,-1.796318,3.740200,0.112968,0.903975,-0.191685,1.364499,-1.093311,-0.011930,0.038454,0.464222,-0.224910,0.076901,0.067341
59,0.180000,-27.393015,6.647064,8.250240,19.600080,1.653581,4.610407,-8.323628,-0.267138,14.519043,-15.303875,4.735639,5.601709,1.086947,9.907598,-0.038630,3.729945,-1.571656,1.661293,0.147142,1.106326,-0.217359,1.777849,-0.129669,0.021428,0.036365,0.536344,0.031219,0.114162,0.096894
60,0.200000,-15.859763,-3.016576,5.643876,19.415392,0.952806,5.116005,-7.928910,-0.428304,14.952209,-7.609263,2.826877,6.814096,4.291040,13.058441,-0.171790,4.052095,-1.331423,-1.699105,0.195044,1.283643,-0.139797,2.439289,1.224105,0.000489,0.048901,0.662903,0.318322,0.137298,0.085446
61,0.220000,-2.148511,-10.187927,3.737606,18.222368,-2.464981,6.510130,-6.941198,1.109342,12.588148,2.317881,1.403744,9.404011,6.774845,15.902396,-0.112066,4.500970,-0.529025,-5.581446,0.191778,1.353350,0.031420,3.514191,2.268348,-0.017498,0.064065,0.985335,0.577575,0.091510,0.110357
62,0.240000,-0.979473,1.827904,2.630367,10.435266,-24.388115,-2.163120,-2.465472,12.066641,7.789241,7.834857,-17.308708,11.258840,8.174512,19.091425,-20.716831,5.914773,0.944148,-3.642168,-0.007415,1.496159,0.258748,3.560131,2.268604,0.004661,0.109801,1.156914,0.508429,0.153235,0.261988
63,0.260000,-6.763262,10.617373,3.040903,3.735950,-36.152130,-2.740108,0.227204,21.651051,3.913633,1.738739,-27.691118,10.989092,8.293491,13.269501,-22.821743,7.463799,0.051558,-2.604425,0.812808,1.871100,-0.170030,3.077163,1.066946,0.134920,-0.130119,0.938903,0.258180,0.275598,0.091135
64,0.280000,-9.627602,13.224356,3.225876,3.355783,-36.701111,-6.013744,-0.937147,25.919659,2.214722,-3.679571,-33.388218,6.422036,7.689870,-0.547944,-20.422604,6.345853,-0.888062,0.312246,0.850964,1.865475,-0.255582,1.627723,1.636551,0.072739,0.033595,0.452102,0.263438,0.247043,-0.234070
65,0.300000,-6.715915,10.065254,2.680685,3.960373,-37.378849,-4.553631,-1.850180,25.349421,0.805350,-2.967613,-30.033957,2.585567,4.804664,-0.776247,-20.365866,3.594990,-1.018316,0.059688,-1.135814,0.917772,-0.032197,0.093305,1.490878,0.074137,0.015054,-0.017236,0.377701,0.007531,-0.043600
66,0.320000,-9.221329,11.051475,1.112942,3.297823,-28.940376,-3.940808,-1.710459,20.309744,-0.516991,-6.263596,-22.561375,-0.490907,1.088108,-0.268714,-17.516308,0.737637,-0.384669,-0.092206,-1.519078,0.157626,-0.098986,-1.219038,0.276720,0.124645,-0.005132,-0.210441,0.174591,-0.018612,-0.078102
67,0.340000,-8.775980,10.367496,-1.128873,2.432769,-22.532751,-4.656337,-1.156533,16.522253,-1.685665,-6.741270,-15.609572,-2.846696,-0.788395,-0.219687,-12.970533,-1.282018,-0.709218,-0.145204,-2.106408,-0.318129,-0.175650,-2.149360,-0.816673,0.018438,-0.026560,-0.436280,-0.174751,0.029777,-0.198614
68,0.360000,-4.325726,7.359543,-3.102489,1.359412,-19.837961,-5.560651,-0.552001,13.987748,-3.776671,-4.843217,-14.524094,-4.798656,-1.417703,-0.130468,-10.717409,-1.655895,-1.501397,-0.119576,-2.803537,-0.485271,-0.314802,-2.867633,-1.537544,-0.066385,0.002288,-0.738874,-0.468105,0.013622,-0.170129
69,0.380000,1.352681,2.330474,-4.893345,0.842996,-19.684164,-6.082724,-0.432246,13.118757,-4.564054,-0.943233,-14.806030,-5.696133,-1.660261,0.063644,-9.786654,-0.669201,-1.965780,-0.062774,-3.925064,-0.393580,-0.469016,-3.180838,-1.611046,-0.050664,0.042504,-0.954359,-0.500618,0.046316,-0.057997
70,0.400000,4.791120,-0.573070,-6.614114,-1.017722,-20.839983,-6.088922,0.587348,13.885602,-4.869752,2.447398,-16.824125,-6.772038,-0.745340,0.244393,-9.020332,0.674483,-1.877603,-0.071755,-4.730331,-0.101054,-0.496957,-3.244495,-1.103209,-0.019038,-0.038983,-0.930226,-0.277629,0.075936,-0.094506
71,0.420000,5.325744,-1.928709,-7.493241,-2.010038,-21.331226,-5.915417,1.337342,13.728890,-4.301761,3.270890,-18.171295,-7.815091,0.701757,0.224992,-8.658616,1.603937,-1.290395,-0.092210,-4.954815,0.258960,-0.235529,-3.460274,-0.438143,-0.002694,-0.089254,-0.929092,-0.069939,0.184152,-0.091828
72,0.440000,5.706411,-3.854502,-7.194802,-1.579247,-20.849743,-5.662752,0.931600,12.767628,-3.047907,3.784333,-18.847921,-7.553901,1.380483,0.068048,-7.896086,2.214996,-0.468909,-0.059565,-5.212432,0.454108,0.068793,-3.469369,-0.015758,-0.037154,-0.062291,-0.892722,0.043970,0.227593,0.004092
73,0.460000,6.434540,-6.656015,-7.893801,-1.335536,-19.487391,-5.865980,0.854670,12.155969,-1.416399,4.200311,-19.421677,-6.674849,1.559832,-0.069008,-6.245962,2.228216,-0.287951,-0.027515,-5.746718,0.415503,0.038471,-3.139900,0.014330,-0.060087,0.001170,-0.739267,0.036596,0.142682,0.038866
74,0.480000,5.807274,-7.887999,-8.043218,-1.457557,-18.177605,-6.313553,0.873136,11.725043,0.217166,3.843390,-19.582468,-5.642347,2.293617,-0.151723,-4.711663,1.968079,-0.675781,-0.016244,-6.425020,0.329945,-0.107356,-2.638117,0.153061,-0.074643,0.013903,-0.617027,0.052130,0.100705,0.023284
75,0.500000,4.125999,-8.064659,-7.759998,-1.289516,-17.545383,-7.130641,0.710449,12.049989,1.982409,3.531593,-20.005901,-4.354684,3.015510,-0.162483,-3.416744,1.721658,-1.081430,-0.014464,-7.444478,0.231521,-0.187428,-2.079674,0.321308,-0.062161,0.008795,-0.548550,0.075420,0.077788,0.011450
76,0.520000,1.855637,-7.615895,-7.312689,-1.035675,-17.843620,-7.761571,0.643696,12.608386,3.648628,3.434705,-20.301895,-3.283683,3.234244,-0.169864,-2.553463,1.598238,-1.142983,-0.012204,-8.561608,0.137638,-0.154548,-1.663283,0.370955,-0.036758,-0.012002,-0.484383,0.074588,0.048023,0.012937
77,0.540000,-0.977827,-5.986667,-6.228271,-1.126169,-18.243950,-7.965497,0.671083,12.979300,4.815724,3.174782,-19.967215,-2.275153,3.010801,-0.215704,-2.200473,1.707190,-1.013649,-0.006904,-8.930564,0.183047,-0.082442,-1.358493,0.323202,-0.028945,-0.027424,-0.421189,0.080903,0.031976,0.002712
78,0.560000,-3.965175,-3.891725,-3.795487,-2.121036,-18.009581,-7.791340,1.190917,11.720215,5.565906,2.767654,-19.231674,-0.816744,1.783766,-0.273590,-2.329241,1.755350,-0.839100,-0.000318,-8.531053,0.257488,-0.030970,-0.903495,-0.003863,-0.015011,-0.023244,-0.309534,0.007280,0.045786,-0.034301
79,0.580000,-5.962740,-2.765866,-1.143669,-3.074515,-17.424364,-7.780664,1.571863,9.953779,6.193364,2.657263,-18.962006,1.051719,0.276221,-0.337509,-2.621172,1.687930,-1.167876,0.005713,-7.861800,0.225736,-0.154347,-0.325177,-0.521272,0.006056,-0.029253,-0.132144,-0.115841,0.030032,-0.067706
80,0.600000,-6.966449,-2.891158,1.013247,-3.413152,-17.713564,-8.108235,1.734812,8.299180,6.916338,2.856144,-19.266693,2.634407,-0.914770,-0.410104,-2.234509,1.575739,-1.707309,0.006599,-7.037671,0.153609,-0.356144,0.255682,-0.984407,-0.007137,-0.040447,0.061109,-0.182817,-0.035171,-0.087348
81,0.620000,-6.752932,-3.947422,2.493880,-2.577431,-20.655312,-8.326734,1.274167,6.973885,7.365361,3.385100,-19.100670,3.462808,-1.670572,-0.469521,0.369461,1.596051,-2.203714,0.016819,-6.089188,0.155251,-0.504464,0.570452,-1.355193,-0.026529,-0.030049,0.176151,-0.236700,-0.073004,-0.086757
82,0.640000,-4.323749,-5.875408,2.450097,0.561141,-25.425816,-7.754200,-0.217234,6.647905,6.822736,4.593312,-17.496557,3.188815,-1.732457,-0.435255,4.777171,1.934358,-2.317640,0.026861,-4.641954,0.247052,-0.529385,0.491490,-1.434313,-0.027344,-0.041709,0.151741,-0.277134,-0.035389,-0.083701
83,0.660000,0.316216,-7.569309,1.359558,3.401033,-27.474190,-6.061283,-1.092150,5.636587,4.838972,6.343106,-13.722900,2.216609,-0.695116,-0.253035,8.429168,2.045436,-2.076323,0.002626,-2.453431,0.321738,-0.526873,0.279493,-0.819466,-0.020403,-0.055693,0.064502,-0.161088,0.028225,-0.101035
84,0.680000,4.566667,-8.872179,-4.186114,11.948711,-19.179823,0.162114,-6.037267,1.539235,2.412920,-11.394674,-2.470079,0.017285,2.535506,-6.877587,11.989185,1.601156,-2.681442,-2.140237,1.285809,0.282471,-0.784242,-0.381964,0.477823,0.064993,-0.023945,-0.029116,0.085139,0.078461,-0.165990
85,0.700000,12.410518,-10.943239,-5.385467,22.633493,-4.762382,10.774697,-14.877961,-0.164099,1.164059,-28.244915,4.309958,0.875196,5.448983,-11.027496,14.286987,1.698838,-3.527075,-1.405687,3.269012,0.446253,-0.710206,-0.980862,0.907146,0.084090,0.089819,-0.242315,0.007206,0.224181,-0.265324
86,0.720000,15.765095,-14.030002,-2.458002,22.127007,-2.170549,12.128757,-19.166073,0.028656,1.555922,-19.419369,0.334820,3.573594,5.148533,-7.205339,8.198283,2.508224,-2.781951,-0.534970,1.874454,0.660226,-0.396663,-0.164388,1.005182,0.133220,0.188212,-0.165617,0.129520,0.246970,-0.165109
87,0.740000,13.681367,-14.242618,1.768621,20.419743,-1.724044,12.308388,-19.233309,0.479148,2.761161,-13.175169,-4.387506,4.113002,2.614720,-1.516877,-0.515637,1.242403,-1.300735,-0.723268,-0.225062,0.359090,-0.125435,0.620382,0.554680,0.161128,0.229270,0.217096,0.198389,0.041219,0.152579
88,0.760000,12.605400,-15.120131,4.197980,20.227125,-1.350992,12.550014,-20.283451,0.354780,3.918489,-12.421947,-5.552992,4.866248,1.073101,1.593392,-0.645483,0.059864,0.034656,0.481551,-0.187951,0.172699,0.161350,0.890017,0.104344,0.004337,0.052709,0.267480,0.158643,-0.070132,0.240416
89,0.780000,10.906713,-15.717489,3.210360,20.388948,-2.783452,10.698293,-17.195601,1.371720,4.767690,-10.719939,-7.483329,4.385441,-0.249309,2.783056,-0.516045,0.329835,0.160016,0.169306,-0.072189,0.216906,0.250320,0.674082,-0.479168,-0.073829,-0.146654,0.169022,-0.063573,-0.029375,0.090761
90,0.800000,8.716413,-14.521585,2.899252,19.355875,-1.371354,9.018770,-15.359389,0.754902,4.598759,-10.942112,-6.536852,2.823522,-1.082799,3.760782,-0.472249,1.092257,-0.525749,1.003642,0.026993,0.265759,0.062287,0.070067,-0.806033,-0.100925,-0.196812,0.031762,-0.119706,0.005150,-0.047626
91,0.820000,6.870531,-11.837523,2.904639,18.856369,0.732311,8.147607,-15.124370,-0.325359,3.311617,-12.277477,-3.368843,1.619388,-1.577136,2.881103,-0.334081,1.205056,-1.328733,2.566847,0.043466,0.221613,-0.141096,-0.303216,-0.950792,-0.060694,-0.069918,-0.033167,-0.228513,0.073031,-0.118613
92,0.840000,2.632230,-7.380111,2.208799,19.729052,1.459671,7.041802,-12.881498,-0.719144,2.690481,-13.475572,-0.255669,0.612299,-1.734525,2.061110,-0.198595,0.985120,-2.112644,3.691571,0.035064,0.185394,-0.373449,-0.455181,-1.117773,-0.017051,0.006190,-0.063632,-0.333383,0.082796,-0.135919
93,0.860000,-3.223635,-2.333874,2.374507,20.141727,1.486202,5.721635,-10.219322,-0.830336,2.908320,-14.939550,1.672949,-0.320826,-2.146013,1.883957,-0.145202,0.636495,-2.594413,4.159239,0.003051,0.094269,-0.545600,-0.691381,-1.314002,0.000561,0.010820,-0.129915,-0.345728,0.027671,-0.117379
94,0.880000,-8.341352,1.011714,2.765945,20.234619,1.589754,5.042957,-9.032917,-0.802516,3.498696,-17.709887,2.597411,-1.455657,-2.824593,1.547680,-0.137511,0.210104,-2.976819,4.510176,-0.043926,-0.015656,-0.642954,-1.151742,-1.573731,-0.016344,-0.016704,-0.272185,-0.387278,-0.004258,-0.123889
95,0.900000,-12.482062,3.248741,2.404336,21.423475,1.449952,4.743833,-7.618920,-0.667830,4.136979,-19.868999,3.388616,-2.520959,-3.469591,2.439454,-0.126684,-0.117311,-3.326128,4.759616,-0.087371,-0.106265,-0.702578,-1.636627,-1.898162,-0.024196,-0.020068,-0.428892,-0.514738,-0.008414,-0.138999
96,0.920000,-16.583126,5.574952,1.885811,22.899385,2.075586,4.326163,-6.003490,-1.018378,4.876364,-21.207632,4.592784,-3.305927,-3.544308,5.005840,-0.096782,-0.124610,-3.767488,5.150865,-0.097654,-0.127104,-0.801791,-1.999604,-2.078856,-0.006406,-0.006142,-0.544214,-0.573105,-0.000404,-0.150893
97,0.940000,-20.592352,8.426799,1.809969,23.696354,3.127918,3.594491,-4.390856,-1.577031,5.644094,-20.965315,6.127066,-3.323155,-2.925369,8.680879,-0.055035,0.190184,-4.208204,5.581886,-0.071449,-0.059640,-0.913928,-2.037585,-1.925657,0.000915,0.017621,-0.532492,-0.479594,-0.003279,-0.139529
98,0.960000,-22.921402,10.936067,2.495343,23.891888,3.002112,2.809923,-3.307512,-1.421124,5.973134,-18.228052,7.431569,-2.183377,-2.055631,12.404660,0.003926,0.733297,-4.311754,5.551935,-0.044644,0.057802,-0.952226,-1.627571,-1.551049,-0.014300,0.053390,-0.403744,-0.327236,-0.016722,-0.130696
99,0.980000,-23.995070,12.040618,3.264130,23.269903,2.628913,2.326196,-2.591922,-1.179910,6.653898,-15.079235,7.861188,-0.443159,-1.283098,15.161128,0.053002,1.077700,-4.014069,4.872713,-0.026348,0.152447,-0.878789,-0.937266,-1.142814,-0.007266,0.055134,-0.226571,-0.212327,0.001131,-0.126408
100,1.000000,-23.699902,11.060863,3.845739,21.674446,2.620459,2.280197,-2.513084,-1.069903,7.914901,-12.529034,7.093183,1.400195,-0.550976,16.331154,0.010548,1.039396,-3.425803,3.481994,0.006178,0.174340,-0.721650,-0.100822,-0.727551,0.005368,0.029923,-0.006210,-0.104202,0.018533,-0.118417
101,1.020000,-21.124239,7.675977,3.279836,20.794260,2.500722,2.583187,-2.611081,-0.925252,9.299820,-10.029681,5.896590,2.699348,0.803431,16.444962,-0.052609,0.791940,-2.683881,1.743388,0.061047,0.151978,-0.559822,0.602234,-0.135232,-0.000468,0.011374,0.194307,0.029271,0.011671,-0.098646
102,1.040000,-15.717237,2.683407,2.113393,20.535395,2.046193,3.136650,-2.775304,-0.785138,10.034929,-6.217573,4.809256,3.687009,2.714484,16.373852,-0.050416,0.549293,-1.790071,-0.313300,0.114787,0.137027,-0.332203,1.160454,0.674240,-0.026292,0.022565,0.336444,0.196971,-0.005879,-0.034876
103,1.060000,-8.444604,-1.860503,1.757604,19.757961,0.376341,4.172785,-3.151716,-0.045842,9.355339,-0.894752,3.376364,5.417688,4.343461,17.289490,-0.057126,0.603494,-0.674782,-2.930414,0.139338,0.152749,-0.023632,1.931404,1.342010,-0.024038,0.031767,0.515206,0.375638,-0.054770,0.073036
104,1.080000,-1.540620,-2.607469,2.897447,14.237031,-9.225679,-0.136256,-3.253077,1.227888,6.771834,4.685308,-11.195333,7.011269,4.389650,21.103121,-11.447543,1.588694,0.642408,-5.171463,6.596808,0.247030,0.318877,2.219648,1.169047,-0.012164,0.024086,0.660496,0.333209,-0.057385,0.187369
105,1.100000,-3.695509,5.328489,5.689329,3.389060,-21.471098,-2.011256,0.425588,11.214108,3.011574,8.709173,-25.091969,8.699575,2.866881,24.340178,-19.063334,3.335448,0.970917,-5.111776,-0.196818,0.607363,0.336695,2.179361,-0.030610,0.012479,0.002187,0.605142,-0.031154,0.112233,0.258386
106,1.120000,-2.832902,7.232698,3.020927,4.115251,-27.814850,-3.553500,-0.380343,16.121233,-0.092204,2.618279,-26.982857,6.136035,3.542023,17.921341,-13.380109,4.536766,-1.041511,-3.568180,-3.110814,1.079271,-0.249327,1.120527,-0.438044,0.075402,-0.055027,0.325511,-0.223743,0.203932,-0.044490
107,1.140000,0.277615,5.750850,2.024675,6.876332,-29.417376,-2.736483,-0.470987,17.949772,-2.156065,1.888744,-23.901316,3.264955,3.617386,7.794831,-14.626187,4.907743,-2.302340,-0.933002,-4.250385,1.453957,-0.501975,0.266001,0.110073,-0.012970,-0.038454,0.027130,-0.142190,0.208873,-0.294119
108,1.160000,-2.240362,4.589715,0.419123,7.358333,-30.740501,-2.670247,-2.642709,19.651928,-0.141148,-2.794329,-19.765062,0.901591,2.541622,-0.757189,-12.578518,3.711410,-1.447428,0.275811,-5.532043,1.044879,-0.230947,-0.290826,0.627056,0.068321,-0.079652,-0.115480,0.129759,0.077205,-0.137625
109,1.180000,-3.060459,4.545073,-1.035462,5.558325,-29.350477,-2.672979,-2.810999,17.994644,0.176156,-4.007366,-16.207743,-0.638763,1.565665,-0.326407,-8.559999,2.372679,-1.072307,0.100495,-5.913302,0.647703,-0.261390,-0.660665,0.354229,0.185649,0.037436,-0.117839,0.074362,-0.002848,-0.002475
110,1.200000,-7.497846,8.906325,-1.772392,1.909039,-24.309902,-4.148543,-1.103568,15.310645,-0.586130,-6.108365,-11.867287,-1.687607,0.284763,-0.235321,-3.393301,0.864178,-1.020501,0.001714,-6.601233,0.259553,-0.352757,-1.181403,-0.392840,0.129632,0.130829,-0.193800,-0.121822,0.043582,0.003273
111,1.220000,-8.533039,10.855790,-2.677010,-1.106696,-20.281261,-5.161769,0.668657,13.036435,-1.659898,-5.647308,-8.658089,-2.361417,-0.167664,-0.241577,0.958977,0.183728,-1.144760,-0.080154,-7.071987,-0.142980,-0.364310,-1.579844,-0.934093,0.006796,0.108088,-0.369671,-0.297997,0.049785,-0.003605
112,1.240000,-5.747070,9.530281,-3.601674,-1.668957,-19.368126,-5.524985,0.911610,12.760221,-2.882524,-2.543138,-7.355264,-2.883022,-0.118114,-0.082483,3.527365,0.629300,-1.131917,-0.113931,-7.485873,-0.160424,-0.283610,-1.731145,-1.010907,-0.059385,0.045790,-0.482078,-0.323711,0.057288,-0.000265
113,1.260000,-2.564213,8.293309,-3.799846,-1.670348,-19.258251,-6.090992,0.699878,11.618464,-4.404796,0.323260,-6.110176,-4.030859,0.413126,0.017214,4.392295,1.074881,-0.753856,-0.097473,-7.425867,0.043613,-0.037348,-2.060001,-0.744704,-0.044406,-0.038540,-0.640568,-0.208251,0.086801,-0.051787
114,1.280000,-0.121495,5.795252,-4.372062,-1.723935,-20.080130,-6.165349,0.863657,11.390792,-4.661054,2.491219,-7.536987,-4.988382,0.681398,0.040968,4.080511,1.194531,-0.403251,-0.081711,-7.721008,0.154041,0.094036,-2.451999,-0.521565,-0.032212,-0.051260,-0.678969,-0.111967,0.101481,-0.077115
115,1.300000,2.021880,1.845383,-4.854536,-1.486189,-20.407644,-5.850516,0.901636,10.793750,-3.623810,3.455691,-10.384443,-5.168648,0.745710,-0.014022,2.852263,1.237703,-0.214795,-0.065230,-8.095245,0.219377,0.080517,-2.613013,-0.401008,-0.037414,-0.035467,-0.656175,-0.057624,0.101628,-0.092620
116,1.320000,3.108137,-1.766764,-4.937830,-1.324546,-20.130112,-5.857955,0.656030,10.366158,-1.807474,3.630865,-13.464697,-4.520870,0.981842,-0.106770,1.587220,1.393679,-0.351180,-0.050557,-8.403740,0.312598,-0.045249,-2.377972,-0.344918,-0.049025,0.004330,-0.583827,-0.044085,0.106354,-0.080770
117,1.340000,2.459093,-4.110172,-4.706527,-1.741186,-19.600971,-6.402021,0.799399,10.071116,0.781744,3.264517,-16.003855,-3.134047,1.656624,-0.188308,1.391872,1.558805,-0.703419,-0.050024,-8.662522,0.337475,-0.178299,-1.784110,-0.171966,-0.049083,0.010263,-0.435762,0.000098,0.082046,-0.080442
118,1.360000,1.379503,-5.515093,-4.241146,-2.251325,-19.156427,-7.013702,1.139743,9.453492,3.092264,3.034492,-17.268635,-1.762126,2.244996,-0.234711,2.077786,1.680615,-1.123106,-0.048798,-8.829267,0.262044,-0.228529,-1.166729,-0.012734,-0.034388,-0.017766,-0.306884,0.011683,0.054565,-0.059582
119,1.380000,0.667683,-6.606858,-3.257267,-2.805360,-19.152653,-7.510761,1.462923,8.419754,4.642655,3.268804,-18.066496,-0.590604,2.161492,-0.243564,3.583937,1.835614,-1.390117,-0.045017,-8.758485,0.225526,-0.240671,-0.688256,-0.042671,-0.028548,-0.018239,-0.200374,-0.004636,0.056072,-0.031486
120,1.400000,0.677187,-8.067776,-1.341949,-3.266990,-20.021408,-7.699259,1.662302,6.266094,5.613705,3.713068,-18.685944,0.602742,1.256058,-0.245362,5.915359,2.011768,-1.616150,-0.038603,-8.484930,0.257527,-0.291036,-0.316997,-0.296909,-0.025510,-0.006826,-0.091802,-0.036384,0.058333,-0.019082
121,1.420000,1.418637,-9.654209,0.045214,-2.973574,-21.260458,-7.346351,1.460610,4.486083,6.020407,4.351477,-18.503695,1.605778,0.376709,-0.259325,8.431107,2.162818,-1.926767,-0.026944,-8.010187,0.283726,-0.399929,0.000744,-0.572877,-0.005632,-0.042770,0.013010,-0.084918,0.054675,-0.040110
122,1.440000,2.815525,-11.240151,0.065220,-1.327297,-23.235277,-6.400351,0.663865,3.749190,5.800355,5.065396,-17.396374,1.623835,-0.055083,-0.283968,10.771404,2.533583,-1.935127,-0.015828,-6.796484,0.416579,-0.413917,0.044628,-0.792197,0.014683,-0.085943,0.040111,-0.146988,0.053285,-0.062108
123,1.460000,4.027227,-11.449309,-0.266244,0.180339,-25.568707,-5.214972,-0.007872,4.104762,5.002486,6.375299,-15.343169,1.377436,0.192338,-0.253872,13.101977,2.765988,-1.819851,-0.024167,-5.545632,0.481280,-0.414374,-0.031537,-0.666359,0.037278,-0.084555,-0.012352,-0.173551,0.029855,-0.040344
124,1.480000,4.664322,-10.275142,-1.181616,1.781675,-25.684740,-3.995590,-0.666950,4.336966,3.863068,6.333214,-11.580314,1.028224,1.299073,-0.201544,15.612115,2.673582,-1.647062,-0.033927,-3.461749,0.506756,-0.407318,-0.175744,-0.173792,0.054192,-0.072560,-0.066005,-0.081498,0.022413,-0.052724
125,1.500000,5.768887,-6.754102,-3.206390,9.121799,-18.194080,1.023787,-4.788946,2.959985,2.061623,-12.414820,-1.438798,0.315260,3.901396,-11.648268,18.751106,2.067180,-2.499802,-2.060736,-0.625606,0.382030,-0.591433,-0.486990,0.679290,0.068481,-0.027694,-0.097265,0.132351,0.023191,-0.058639
126,1.520000,11.001204,-7.813008,-5.596201,17.946781,-7.124605,6.574147,-11.798709,0.468021,0.459025,-22.847488,5.264579,0.921102,6.288339,-17.545124,19.789635,1.816336,-3.419714,-0.389020,3.479444,0.377784,-0.674126,-0.837651,1.259567,0.047312,0.084895,-0.228558,0.188932,0.140356,-0.173479
127,1.540000,14.638452,-9.961075,-2.268315,20.433718,-4.420402,9.829008,-15.592735,0.210715,0.400549,-19.450531,1.720510,3.875739,6.292132,-7.801438,13.367388,1.597039,-2.962135,1.876277,2.882124,0.345823,-0.450394,0.076912,1.378586,0.035749,0.117041,-0.093947,0.291403,0.172887,-0.168118
128,1.560000,11.656357,-9.352509,2.387036,19.803188,-3.880449,9.284741,-18.469753,0.729874,1.000177,-15.357552,-2.736628,4.197598,2.737834,-4.438099,2.914919,0.219751,-1.311484,2.988747,0.012995,0.039955,-0.196446,0.806776,0.674190,0.037202,0.204808,0.238132,0.296118,0.001471,0.074841
129,1.580000,10.481195,-9.257050,5.387012,21.250143,-2.077277,10.158195,-20.805901,0.688431,1.265803,-16.442144,-3.505993,4.589496,0.354029,-2.160843,-0.637650,-0.661000,0.489480,4.986455,-0.192201,-0.033797,0.257403,1.005437,-0.191153,-0.063738,0.066683,0.313945,0.095258,-0.089243,0.204597
130,1.600000,9.454247,-10.171511,4.994799,21.951530,-3.115950,9.786180,-19.865673,1.402356,1.988882,-16.732441,-5.023519,4.462801,-0.933244,-1.586537,-0.402384,-0.016624,0.949530,4.814710,-0.106140,0.162174,0.435307,0.747894,-0.881157,-0.093943,-0.076968,0.177496,-0.195074,-0.033875,0.187433
131,1.620000,9.459994,-12.730017,2.187209,23.244106,-4.588925,9.046576,-17.269691,2.372840,3.093295,-16.927839,-6.633815,2.475479,-0.904715,-1.317025,-0.450863,1.551583,-0.661400,4.776040,-0.073310,0.419451,0.045356,-0.009945,-1.113252,-0.101926,-0.179935,-0.018161,-0.330424,0.038359,0.025053
132,1.640000,9.709590,-12.904683,2.818870,21.831789,-2.878730,8.006810,-17.980360,1.386843,2.473651,-17.223934,-4.822102,1.052982,-1.393177,-3.223613,-0.407112,2.277987,-1.741861,5.591491,-0.023917,0.448362,-0.211910,-0.554050,-0.998505,-0.044301,-0.100149,-0.084427,-0.190160,0.116135,-0.129582
133,1.660000,7.630495,-10.605150,3.136948,19.101513,0.181114,6.735408,-17.387163,-0.110677,1.826492,-18.880951,-2.160507,0.509142,-1.629879,-5.710851,-0.283061,1.819292,-2.194282,5.812557,0.033937,0.337067,-0.323065,-0.658980,-0.952510,-0.005695,-0.004040,-0.104928,-0.198012,0.171774,-0.155976
134,1.680000,1.772102,-5.806405,2.596501,16.437248,2.705022,5.601196,-13.222371,-1.332667,2.100989,-20.039736,0.303591,-0.078786,-2.406278,-6.352349,-0.215756,0.751728,-2.490485,5.604550,0.066527,0.118524,-0.495299,-0.626790,-1.268093,0.032024,0.016572,-0.094667,-0.338550,0.067207,-0.150909
135,1.700000,-4.064679,-1.259880,2.099335,15.235396,4.488403,5.090828,-9.828964,-2.186022,2.473431,-22.400064,2.029413,-1.068653,-2.936552,-4.958816,-0.209150,-0.252075,-3.109575,5.542104,0.027154,-0.108295,-0.707647,-0.851481,-1.589922,-0.004725,-0.033207,-0.169860,-0.439122,-0.022983,-0.173609
136,1.720000,-8.554529,2.293895,0.887796,17.868061,4.261389,5.319955,-7.286122,-2.042537,2.606354,-25.093952,3.175809,-2.369622,-2.573049,-1.491000,-0.197260,-0.544332,-4.010372,5.937343,-0.040135,-0.165498,-0.883213,-1.401728,-1.733492,-0.044039,-0.082581,-0.346761,-0.517499,-0.005925,-0.199381
137,1.740000,-12.649431,5.382332,0.093669,20.954895,3.822619,5.221322,-5.173785,-2.020200,3.014869,-26.111666,4.804678,-3.349854,-1.971362,2.583721,-0.100986,-0.033559,-4.392296,6.876041,-0.058572,-0.055428,-0.952886,-1.948435,-1.655710,-0.014771,-0.044653,-0.523342,-0.474154,0.016731,-0.187249
138,1.760000,-16.257555,7.787335,0.668654,21.758184,3.915786,4.701085,-3.992382,-2.199355,3.913221,-25.405407,6.007733,-3.170140,-1.545888,6.302417,-0.038536,0.597847,-4.255107,7.197023,-0.039174,0.083107,-0.911664,-2.053491,-1.395489,0.029399,0.025200,-0.556843,-0.323716,0.006479,-0.154314
139,1.780000,-18.583498,9.614828,1.562398,21.639248,4.054900,4.136594,-3.651894,-2.113394,4.718097,-23.290001,7.200944,-1.768690,-1.050596,9.785760,-0.009461,0.951481,-3.988555,6.828917,-0.015543,0.148311,-0.844572,-1.595939,-1.056894,0.027820,0.067743,-0.423499,-0.193621,-0.013507,-0.120792
140,1.800000,-19.193890,10.339421,2.468296,21.446327,3.910611,3.864159,-3.931355,-1.828082,5.333217,-20.269901,7.963422,0.197275,-0.412988,13.094968,0.017052,1.047692,-3.647393,6.069921,0.001077,0.166757,-0.780307,-0.778219,-0.713345,0.010988,0.063755,-0.199060,-0.106977,-0.012114,-0.098305
141,1.820000,-17.806780,9.176306,2.901785,21.417036,3.170174,3.765205,-4.262004,-1.339878,5.891911,-16.642597,7.502637,2.085535,0.395978,15.606855,0.000537,0.914584,-3.225417,4.819790,0.015661,0.142142,-0.699300,0.102393,-0.351810,-0.001542,0.035432,0.052281,-0.035214,-0.010740,-0.084932
142,1.840000,-14.057132,5.660512,2.305848,21.561760,2.025504,3.736711,-4.197120,-0.789584,6.505172,-12.225266,6.265443,3.419363,1.574129,16.961853,-0.006699,0.726360,-2.450046,3.008540,0.036327,0.113272,-0.524244,0.804873,0.165833,-0.018752,0.023332,0.253857,0.091038,-0.020527,-0.060869
143,1.860000,-8.184308,0.524153,1.302518,21.126143,-0.276979,3.912210,-4.374803,0.262870,6.591122,-7.425421,4.251585,3.824879,2.778838,16.766932,-0.067705,0.532100,-1.357510,0.237181,0.056622,0.053617,-0.243232,1.167437,0.632508,-0.012062,0.018002,0.345532,0.248992,-0.060121,-0.010695
144,1.880000,-1.511455,-2.988414,3.323504,16.002426,-7.768457,0.737046,-3.466189,0.764367,5.176055,-0.189178,-10.785000,5.213924,2.819537,16.901524,-7.471347,1.136454,0.278014,-3.515435,3.841897,0.182467,0.211182,1.491358,0.643637,-0.010797,0.051314,0.418476,0.224777,-0.065092,0.126881
145,1.900000,0.058622,-0.820411,3.347178,4.786407,-15.585280,-3.102216,-0.535022,7.276913,3.322763,5.602523,-24.255585,5.960604,1.906624,20.810213,-16.482922,2.843539,1.119058,-4.812911,1.099904,0.527213,0.338652,1.463825,-0.181289,0.020517,-0.034946,0.400673,-0.033960,0.118352,0.209749
146,1.920000,0.738957,-0.292397,1.105151,0.480652,-17.471415,-4.513925,0.254201,9.538293,1.686807,3.927813,-30.581663,3.815726,2.089301,20.940434,-12.279857,3.671314,0.298989,-4.595270,-1.765294,0.753424,0.106578,0.434689,-0.483875,0.007284,0.033017,0.129975,-0.223973,0.169433,0.014276
147,1.940000,3.039890,-0.388384,0.300139,1.575387,-19.088985,-3.138452,0.494359,11.531195,-0.378343,4.438363,-26.585915,2.442988,3.134081,16.029001,-12.230658,3.825714,-0.959011,-3.310826,-3.728109,0.994249,0.022196,-0.073060,-0.055412,-0.106577,-0.034176,-0.094602,-0.186707,0.106532,-0.119799
148,1.960000,4.621187,-1.395221,-0.780065,3.602817,-20.289324,-3.362863,-0.142335,13.166420,-1.092842,4.706610,-23.743618,1.217220,3.363097,8.994711,-11.925037,3.445775,-1.427430,-1.504583,-4.568779,0.950157,-0.178957,-0.480286,0.422576,-0.005655,-0.047196,-0.177560,0.012215,0.133532,-0.096832
149,1.980000,-0.398463,0.004292,-1.563777,4.325828,-24.418585,-4.403934,-1.743083,16.070267,1.634755,-0.277952,-19.301016,0.759529,2.689833,-0.510374,-8.486722,2.958296,-0.949126,0.283954,-5.582251,0.814635,-0.069053,-0.259859,0.687312,0.036167,-0.061080,-0.027632,0.127493,0.057168,-0.012734
150,2.000000,-4.081284,3.793999,-3.247365,2.827797,-24.605259,-4.686120,-1.191034,16.345459,1.834943,-2.923851,-14.626478,0.019338,2.781013,-0.479359,-4.902941,2.014110,-0.959239,0.175073,-6.344258,0.382849,-0.313648,-0.130769,0.547515,0.161500,0.133827,0.063747,0.088067,0.020390,0.044728
151,2.020000,-8.193088,8.235371,-2.867723,0.776839,-21.634884,-5.399928,-0.399872,14.396225,1.088186,-5.144761,-10.703437,-0.819248,2.092162,-0.149840,-0.920958,0.781375,-1.106081,-0.033602,-6.746349,0.056859,-0.506206,-0.572169,0.094544,0.153765,0.141418,-0.051121,-0.015504,0.019274,0.032210
152,2.040000,-9.855684,10.430301,-2.321372,-0.180370,-19.300976,-6.309094,-0.048467,13.182810,0.170282,-4.986998,-8.394550,-1.383845,1.155859,-0.132267,2.872810,0.356809,-1.073947,-0.111260,-7.048727,-0.067364,-0.417675,-1.047144,-0.334262,0.040797,0.067568,-0.244249,-0.098149,0.028021,-0.020771
153,2.060000,-8.860437,10.568560,-2.651135,-0.645650,-19.120699,-6.802481,0.276100,13.449776,-0.835008,-2.661965,-7.537525,-1.696808,0.672267,-0.099839,5.161622,0.692768,-1.076220,-0.126616,-7.614167,-0.026220,-0.256741,-1.234891,-0.583553,-0.031832,0.011127,-0.338148,-0.153115,0.049031,-0.053389
154,2.080000,-6.165068,9.184421,-2.657062,-0.926534,-19.483261,-6.705516,0.363251,12.315219,-1.876750,-0.411509,-6.868451,-2.205276,0.748482,-0.068261,5.886360,1.319883,-0.984554,-0.101890,-7.665663,0.159523,-0.103002,-1.441362,-0.562291,-0.045991,-0.048894,-0.433595,-0.121004,0.064872,-0.097463
155,2.100000,-3.550661,6.111710,-2.653366,-0.898078,-20.327829,-6.206596,0.474417,11.041851,-1.914649,1.146005,-8.257100,-2.734592,0.569883,-0.083711,5.655875,1.658812,-0.794578,-0.079404,-7.642055,0.286624,-0.033369,-1.661040,-0.533718,-0.039704,-0.046756,-0.458039,-0.112372,0.108452,-0.101959
156,2.120000,-1.376755,2.406904,-2.764023,-0.911473,-20.627947,-5.854828,0.481133,9.859040,-1.195333,1.940435,-10.671695,-2.846056,0.247921,-0.146921,5.045470,1.681014,-0.756372,-0.061331,-7.800058,0.321437,-0.098299,-1.727316,-0.599633,-0.026701,-0.014350,-0.432927,-0.130551,0.121456,-0.093174
157,2.140000,-0.222998,-0.677337,-2.643065,-1.587457,-20.343748,-5.949193,0.767922,9.074105,0.061007,2.610060,-13.159822,-2.394349,0.165010,-0.203600,4.699351,1.805501,-0.809627,-0.063682,-7.809379,0.351262,-0.176560,-1.515381,-0.692003,-0.029684,0.003135,-0.367907,-0.152806,0.104522,-0.097358
158,2.160000,0.333256,-3.295398,-1.926849,-2.804870,-19.819344,-6.532578,1.383946,7.883878,1.605368,3.290097,-15.218310,-1.490509,0.053036,-0.241713,5.064824,1.948901,-0.917737,-0.078145,-7.693721,0.363777,-0.209146,-1.138242,-0.800318,-0.030608,-0.008022,-0.293277,-0.177452,0.080801,-0.090761
159,2.180000,1.245366,-6.150915,-0.759598,-3.701222,-20.044472,-7.124862,1.769548,5.912323,2.988978,4.045111,-16.878672,-0.555182,-0.254579,-0.254034,6.302867,2.107216,-1.112996,-0.078997,-7.612705,0.337867,-0.227345,-0.795945,-0.930081,-0.023179,-0.017934,-0.215240,-0.201901,0.069067,-0.050902
160,2.200000,2.314783,-8.658653,-0.081053,-3.064092,-21.052979,-7.244998,1.393210,4.557645,3.938672,4.584875,-17.275492,0.120206,-0.456712,-0.267692,8.357391,2.343332,-1.371400,-0.058499,-6.901798,0.333863,-0.266832,-0.542283,-1.016511,-0.009011,-0.048743,-0.133204,-0.215176,0.081286,-0.035966
161,2.220000,3.527816,-10.242577,-0.114842,-1.211621,-23.070156,-6.602614,0.591382,4.062324,4.184536,5.404775,-16.077923,0.294197,-0.287399,-0.267406,10.842885,2.628122,-1.533472,-0.039072,-5.710070,0.395305,-0.305791,-0.422876,-0.934624,0.010717,-0.070309,-0.088574,-0.205731,0.085296,-0.029920
162,2.240000,3.852957,-9.709506,-0.780200,0.276543,-24.191393,-5.203534,-0.006886,4.496387,3.791004,5.746028,-13.057641,0.322658,0.655116,-0.267997,13.432573,2.593214,-1.603505,-0.036092,-3.920808,0.407843,-0.366877,-0.356778,-0.457688,0.034434,-0.065255,-0.094285,-0.129278,0.060471,-0.014061
163,2.260000,3.552525,-7.407316,-1.774417,2.812537,-22.735695,-4.042977,-0.973942,4.554310,2.798084,5.138575,-8.049484,0.376593,1.989057,-0.256653,16.002499,2.304738,-1.627262,-0.029374,-1.466546,0.426529,-0.397412,-0.324379,0.165514,0.035810,-0.039720,-0.092158,0.023685,0.038012,-0.036589
164,2.280000,5.378954,-6.031177,-5.503495,14.567627,-12.045088,3.707573,-8.851064,1.631138,1.974079,-21.804800,3.767310,-0.127355,5.456280,-14.358339,19.599936,1.476466,-3.051845,0.140234,0.740967,0.216669,-0.685935,-0.795428,1.081157,0.069006,0.007869,-0.175582,0.192543,0.013065,-0.081310
165,2.300000,10.830171,-8.109551,-5.110604,19.455570,-5.626352,9.224731,-12.971980,0.927479,1.324953,-24.808701,4.056085,1.647055,7.201073,-8.539893,18.694693,1.551830,-3.319747,2.050782,2.506757,0.294661,-0.545256,-0.622159,1.484299,0.023544,0.066887,-0.245746,0.249340,0.157839,-0.216956
166,2.320000,10.901975,-8.893524,-0.178231,21.505060,-4.267933,8.506025,-17.230633,0.452177,1.965009,-18.096590,0.056429,4.025616,5.395389,-5.420212,9.003821,1.117421,-2.531030,3.013403,1.969909,0.238392,-0.407343,0.316931,1.330099,0.029939,0.144357,-0.046860,0.401953,0.053242,-0.068161
167,2.340000,9.154637,-9.424212,3.912694,21.466177,-2.373316,8.694665,-19.472960,0.836547,2.626216,-15.583332,-3.471264,4.107099,1.734902,-0.542024,-0.498808,-0.316790,-0.687008,4.283275,-0.196414,-0.063509,-0.010038,0.912590,0.407198,0.002214,0.140405,0.282324,0.276811,-0.059780,0.145427
168,2.360000,9.311049,-9.618878,5.887661,22.486034,-1.511786,9.532599,-21.265335,0.542916,2.544518,-15.503696,-3.557945,5.206154,0.174796,2.978233,-0.544211,-0.585907,0.671869,4.991569,-0.128177,0.027736,0.369498,1.148893,-0.328452,-0.105688,-0.004875,0.329195,0.041312,-0.077190,0.212689
169,2.380000,8.605055,-11.397556,2.650934,23.017950,-3.314539,9.282935,-16.421286,1.663145,3.610841,-14.346566,-6.091467,4.053741,-0.082877,4.534824,-0.380618,1.164389,-0.075550,4.872980,-0.080533,0.427325,0.180899,0.691136,-0.748784,-0.116627,-0.130665,0.185506,-0.235091,0.025160,0.103924
170,2.400000,8.048637,-11.707192,1.545816,23.485163,-4.107521,8.667347,-14.406124,1.993501,3.470294,-13.808945,-6.146875,2.095217,-0.166674,4.679605,-0.469589,2.590306,-1.716866,5.303752,-0.047414,0.610651,-0.212356,-0.040509,-0.700768,-0.073828,-0.173977,0.053546,-0.162288,0.081617,-0.101012
171,2.420000,7.725086,-10.702954,2.042900,21.088844,-1.495006,7.713010,-14.796278,0.626824,2.179028,-14.149050,-3.370213,0.314927,-0.695032,2.791812,-0.350507,2.516937,-2.123290,6.398260,-0.003292,0.502668,-0.306164,-0.729233,-0.611846,0.014805,-0.069595,-0.106292,-0.070471,0.143606,-0.174972
172,2.440000,4.572697,-7.514233,0.822051,19.286486,1.171513,6.599934,-12.022312,-0.562238,1.521440,-15.361887,-0.709131,-0.873192,-0.901736,1.338832,-0.234405,1.480041,-2.033305,7.034017,0.028343,0.306873,-0.354901,-1.040754,-0.705403,0.032679,0.017773,-0.218673,-0.172041,0.136549,-0.148632
173,2.460000,-1.093511,-2.866883,0.607737,17.942282,2.986526,5.654931,-8.806074,-1.494824,1.838053,-16.796219,1.627043,-1.557301,-1.473111,1.168587,-0.188109,0.504405,-2.164053,7.209097,0.031244,0.128539,-0.471958,-1.179041,-1.023035,0.027880,0.010869,-0.283764,-0.281969,0.020864,-0.105365
174,2.480000,-6.959118,1.533559,1.203046,17.813822,3.482179,4.891197,-6.917759,-1.715977,2.425123,-19.215763,2.927665,-1.913299,-2.079877,2.140404,-0.179235,-0.134754,-2.906241,7.058791,-0.011960,-0.037175,-0.622360,-1.333492,-1.368608,-0.007747,-0.044546,-0.343229,-0.377216,-0.009082,-0.111520
175,2.500000,-11.849053,4.842053,1.518283,18.825699,3.663217,4.388333,-5.539586,-1.780820,3.091062,-21.405533,4.163822,-2.105965,-2.509867,3.937994,-0.133531,-0.235272,-3.706094,7.022840,-0.042843,-0.094372,-0.787888,-1.491331,-1.657123,-0.015916,-0.051061,-0.412629,-0.470007,-0.001077,-0.150279
176,2.520000,-16.380272,7.658309,1.818234,19.545746,4.495047,3.928994,-4.202294,-2.226979,4.063838,-22.682697,5.625292,-2.103913,-2.712774,6.747924,-0.074495,0.017035,-4.241565,6.797723,-0.029423,-0.075453,-0.914251,-1.532516,-1.777816,-0.000476,-0.017722,-0.415915,-0.471569,0.006132,-0.184690
177,2.540000,-19.246536,9.844797,2.375226,19.868805,5.221848,3.615392,-3.574920,-2.515008,4.689845,-22.057772,7.124574,-1.449552,-2.462199,9.977603,-0.027750,0.380135,-4.434519,6.341795,-0.007548,-0.018432,-0.970336,-1.288403,-1.637587,0.004015,0.030672,-0.313184,-0.385454,-0.003754,-0.193314
178,2.560000,-19.068850,10.322627,2.609156,20.726076,4.595765,3.703767,-3.638049,-2.104509,4.749482,-19.348495,8.040821,-0.366662,-1.525946,13.307669,0.014595,0.637633,-4.319303,5.759905,0.000940,0.038104,-0.935180,-0.850239,-1.247833,-0.000013,0.047681,-0.180493,-0.273777,-0.009981,-0.166391
179,2.580000,-16.449677,8.401011,2.411196,20.990955,3.436852,3.785471,-3.742682,-1.460030,4.919074,-15.125242,7.337927,0.793241,-0.265117,16.060961,0.003391,0.625955,-3.763544,4.476372,0.007599,0.049511,-0.812116,-0.350196,-0.657752,-0.000254,0.042594,-0.061070,-0.114211,-0.028627,-0.120938
180,2.600000,-11.622173,4.242244,1.680493,20.390272,1.856342,4.079725,-3.973873,-0.631797,5.246161,-10.128094,5.768602,1.799226,1.189534,17.342398,-0.017321,0.489097,-2.611616,2.518175,0.022846,0.035475,-0.543409,0.137104,-0.003586,-0.011610,0.044267,0.048083,0.074441,-0.050572,-0.064618
181,2.620000,-4.142699,-0.618163,2.441519,17.248234,-3.216631,2.185726,-3.960984,-1.657347,4.662677,-3.715334,-5.895633,3.490765,2.073312,16.721380,-6.467056,0.602461,-0.873602,-1.145935,4.222043,0.022070,-0.093926,0.732549,0.393443,-0.016083,0.057511,0.201503,0.181728,-0.079767,0.047812
182,2.640000,0.451102,-3.926120,3.545294,7.594245,-10.725788,-2.071325,-1.478761,4.706033,4.329409,4.769337,-21.056393,5.526806,1.524256,19.346983,-13.023410,1.965453,1.029232,-3.808308,5.740819,0.334110,0.363935,1.302489,-0.052783,-0.003531,-0.000111,0.337040,0.001393,0.030763,0.202668
183,2.660000,1.109191,-1.736692,1.119383,-0.585616,-16.009634,-5.796688,0.418247,8.542364,2.775625,5.550210,-31.172487,4.485803,2.038730,21.360495,-10.661896,3.437440,0.954046,-4.911017,-1.301673,0.599958,0.215633,0.792864,-0.502668,0.040441,-0.001397,0.252363,-0.156597,0.160745,0.145327
184,2.680000,2.066290,-0.872202,0.408145,0.044543,-18.455488,-3.760135,0.628265,10.473803,0.939409,4.395542,-26.745342,3.084953,3.658937,17.672468,-11.161671,4.051938,-0.248703,-3.966533,-3.391790,0.977637,0.157485,0.271696,0.030469,-0.105695,0.000198,0.022160,-0.163318,0.124407,-0.034039
185,2.700000,4.063817,-1.108081,-0.146884,2.203611,-18.772535,-2.999777,0.436043,11.585661,-0.451100,5.437775,-23.614090,2.274153,3.910693,12.258852,-10.849623,3.901497,-1.110158,-2.414057,-4.534378,1.042451,-0.088553,-0.095898,0.431895,-0.038033,-0.024664,-0.083962,-0.015077,0.143288,-0.080174
186,2.720000,2.270434,-1.425399,-1.261956,3.751579,-20.794765,-3.987600,-0.812707,13.806604,0.944465,2.448339,-19.676443,1.641073,3.383137,2.549193,-8.297812,3.396381,-1.063548,-0.141973,-5.536049,0.888000,-0.114605,-0.044992,0.761582,0.046776,-0.049326,-0.008898,0.117428,0.090191,-0.044418
187,2.740000,-2.956913,1.941317,-2.410280,2.936969,-23.777569,-4.377219,-1.098109,15.196573,2.572731,-2.089491,-14.713026,1.000664,3.201406,-0.751470,-4.226801,2.718403,-0.803328,0.279868,-6.404825,0.644539,-0.162317,0.197452,0.914050,0.080015,0.065758,0.151147,0.194118,0.023917,0.026107
188,2.760000,-6.877510,6.661148,-2.495358,0.833645,-21.900513,-4.995607,-0.303692,13.569489,1.836511,-4.446636,-10.366900,0.337229,2.869281,-0.225719,-0.414108,1.425719,-0.941308,0.028274,-7.032336,0.239513,-0.425103,-0.002728,0.488792,0.176012,0.160374,0.086070,0.079156,0.029306,0.042684
189,2.780000,-9.762114,9.452702,-1.770686,-0.105045,-19.693308,-5.903646,-0.186833,12.147658,1.288858,-5.561282,-7.368677,-0.285589,1.806949,-0.150928,3.776137,0.526404,-0.982198,-0.095046,-7.384896,0.035455,-0.431399,-0.522900,-0.048007,0.087329,0.101556,-0.085619,-0.037225,0.026950,0.008973
190,2.800000,-9.635623,9.803881,-1.719370,-0.204034,-18.778572,-6.754553,0.012922,11.808142,0.540024,-3.988265,-6.616868,-0.820199,0.975074,-0.138194,6.662663,0.311373,-0.835770,-0.121702,-7.790140,-0.072983,-0.252947,-0.870396,-0.400774,-0.017877,0.025792,-0.227843,-0.111692,0.048281,-0.045679
191,2.820000,-7.265656,8.283378,-1.968490,-0.487299,-19.497862,-6.772889,0.141962,11.527287,-0.250561,-1.353946,-6.661416,-1.374206,0.672257,-0.098310,7.737867,0.886856,-0.791632,-0.112958,-8.100489,0.058806,-0.083284,-1.117605,-0.531389,-0.059822,-0.030420,-0.313129,-0.110842,0.065493,-0.081177
192,2.840000,-4.172984,5.500339,-1.954886,-0.653315,-20.729996,-6.353930,0.270074,10.299041,-0.757533,0.726375,-7.776655,-1.906971,0.571814,-0.092055,7.705439,1.596386,-0.824955,-0.084545,-8.088273,0.265507,-0.052823,-1.359932,-0.515710,-0.050584,-0.055103,-0.383533,-0.088572,0.086920,-0.110010
193,2.860000,-1.485844,1.680033,-2.341012,-0.906689,-21.268003,-5.936291,0.483205,9.361142,-0.394956,2.087520,-10.076436,-2.215200,0.290098,-0.132991,7.212792,1.883736,-0.964243,-0.067372,-8.101782,0.350728,-0.149178,-1.464575,-0.593316,-0.027613,-0.026776,-0.369790,-0.121601,0.112697,-0.105560
194,2.880000,0.179269,-1.668281,-2.338183,-1.819119,-20.824610,-5.989252,0.937654,8.304051,0.511421,2.984564,-12.475308,-2.134517,0.028233,-0.190933,6.864253,2.018739,-0.997871,-0.068459,-8.011311,0.380776,-0.220791,-1.374744,-0.750718,-0.019753,-0.016944,-0.328314,-0.170020,0.107283,-0.113466
195,2.900000,1.358578,-4.733486,-1.673441,-2.943205,-20.287848,-6.534655,1.432034,6.669785,1.641355,3.742076,-14.505365,-1.777218,-0.307696,-0.232955,7.273878,2.129433,-0.986383,-0.078502,-7.732202,0.390710,-0.221983,-1.220788,-0.938602,-0.018879,-0.022790,-0.306040,-0.211068,0.089631,-0.090332
196,2.920000,2.905723,-7.813699,-1.104021,-2.967245,-20.381592,-7.060245,1.321804,5.024909,2.531165,4.477132,-15.613497,-1.414593,-0.552120,-0.257990,8.666873,2.268551,-1.078947,-0.068522,-7.084455,0.362897,-0.215698,-1.120018,-1.090218,-0.005512,-0.040693,-0.283735,-0.240262,0.079954,-0.050246
197,2.940000,4.363050,-9.898306,-1.070453,-1.517929,-21.372839,-6.884849,0.646472,4.167152,2.846006,5.322748,-15.043898,-1.288628,-0.495538,-0.267011,10.712437,2.499919,-1.234155,-0.045964,-5.782563,0.362920,-0.239948,-1.042640,-1.055621,0.003144,-0.061452,-0.256082,-0.237477,0.094427,-0.028219
198,2.960000,4.366314,-9.145426,-1.390477,-0.390002,-22.004925,-5.946368,0.237672,4.493497,2.573337,5.830256,-12.371624,-1.023835,0.286272,-0.266398,13.138755,2.490076,-1.474628,-0.040391,-4.183663,0.341566,-0.330779,-0.886069,-0.613006,0.019564,-0.062191,-0.233666,-0.156295,0.079892,-0.006600
199,2.980000,4.123867,-7.029897,-2.548343,2.528783,-20.328926,-3.663857,-1.437083,4.256752,1.618949,-5.374932,-7.449928,-0.742767,1.698763,-5.759736,15.923644,2.108528,-1.919902,-2.240001,-1.954252,0.325050,-0.451421,-0.774730,-0.056031,0.034475,-0.040050,-0.201106,-0.013667,0.047906,-0.035109
200,3.000000,4.647448,-5.398256,-5.428367,13.713427,-11.186902,3.001656,-8.522253,1.662318,1.712689,-21.533022,4.083343,-1.121243,4.893605,-14.800133,20.039015,1.282011,-3.281507,0.450918,-0.079123,0.128720,-0.748539,-1.128308,0.859104,0.066732,0.005918,-0.260139,0.151273,0.016529,-0.091805
201,3.020000,10.856825,-7.404707,-3.786900,19.988577,-4.980412,8.269669,-14.117258,0.745287,0.932944,-22.987881,4.828944,2.483800,6.743672,-5.723278,19.363426,1.478256,-3.900995,1.880303,2.958695,0.312945,-0.669607,-0.501849,1.240795,0.027339,0.033135,-0.272724,0.175166,0.137489,-0.240435
202,3.040000,10.969542,-9.019365,0.176383,20.601429,-5.028386,7.644598,-17.229946,0.417792,1.954665,-16.857384,-0.073467,4.487469,4.951129,-2.962315,9.606945,0.796566,-2.745940,3.284744,1.984007,0.118389,-0.485840,0.614316,1.235459,0.037006,0.147461,0.061748,0.394408,0.020934,-0.063025
203,3.060000,9.395009,-9.658892,3.632483,20.951336,-2.380899,8.359261,-19.007641,0.825588,2.649328,-14.690474,-3.681175,4.383223,1.857470,1.405291,-0.516798,-0.390089,-0.654794,3.837630,-0.127608,-0.096777,-0.021698,1.146296,0.408082,-0.064886,0.125897,0.321839,0.287663,-0.094744,0.140199
204,3.080000,8.783398,-9.334044,5.051326,22.410818,-1.311389,9.638962,-19.791880,0.468451,2.785503,-14.649911,-3.661406,5.012821,0.591885,5.215089,-0.585556,-0.324685,0.907992,4.585105,-0.102616,0.073677,0.416917,1.190286,-0.216959,-0.123622,-0.000125,0.332540,0.054560,-0.077693,0.215872
205,3.100000,7.792744,-10.942095,1.744124,22.645538,-3.340070,9.586117,-14.282005,1.647624,3.805439,-13.368561,-6.550861,3.452410,0.496643,7.232870,-0.415125,1.607601,-0.289642,4.019650,-0.083731,0.542353,0.150258,0.487971,-0.582659,-0.098392,-0.119226,0.115026,-0.209775,0.042246,0.100020
206,3.120000,7.097931,-11.175997,1.074422,23.130379,-3.847780,9.024740,-13.000848,1.806428,3.786788,-12.758238,-5.901743,1.498869,0.266729,7.844116,-0.440983,2.933205,-1.659023,4.425188,-0.055287,0.736333,-0.158194,-0.304861,-0.444904,-0.028684,-0.181261,-0.004464,-0.089521,0.115660,-0.118233
207,3.140000,7.078101,-10.173430,1.862753,20.665670,-1.269809,8.050205,-13.586782,0.476440,2.408791,-12.784641,-3.229749,0.314594,-0.284770,6.187012,-0.331698,2.549379,-1.966015,5.593021,-0.020361,0.539613,-0.242571,-0.806765,-0.374843,0.041741,-0.083565,-0.115709,-0.010709,0.167276,-0.171893
208,3.160000,4.070240,-7.053699,0.284020,19.502439,1.020619,6.835569,-10.708893,-0.447533,1.714785,-13.715740,-0.574976,-0.752537,-0.382746,4.765686,-0.231292,1.396564,-1.891974,6.565598,0.013042,0.295325,-0.326888,-1.020185,-0.495411,0.026315,0.012242,-0.212757,-0.114139,0.133190,-0.130336
209,3.180000,-1.560637,-2.327286,0.164305,18.740597,2.545922,5.778625,-7.695188,-1.262943,1.995440,-15.016396,1.868055,-1.361275,-0.896659,4.588672,-0.181648,0.477218,-2.107233,6.992031,0.018595,0.115301,-0.476471,-1.109723,-0.812052,0.009790,0.017146,-0.267687,-0.221535,0.012450,-0.088874
210,3.200000,-7.375194,1.942220,1.183976,18.236202,3.151954,5.013189,-6.259362,-1.598267,2.651242,-17.359516,3.151791,-1.585192,-1.616191,4.888669,-0.164117,-0.116654,-2.819464,6.986954,-0.017081,-0.035465,-0.622694,-1.222059,-1.182813,-0.015854,-0.028297,-0.322786,-0.322251,-0.015515,-0.096858
211,3.220000,-12.150020,4.945434,1.685445,18.831324,3.458031,4.443187,-5.085170,-1.724363,3.415842,-19.629425,4.271358,-1.637973,-2.300631,5.978250,-0.122247,-0.226106,-3.510509,6.654177,-0.038292,-0.098364,-0.753321,-1.317299,-1.547869,-0.012157,-0.039829,-0.369114,-0.438494,-0.006290,-0.143189
212,3.240000,-16.438824,7.548085,2.191320,19.242163,4.207685,3.946742,-4.047713,-2.065668,4.277516,-20.750675,5.565383,-1.631634,-2.840798,8.089721,-0.080507,-0.014670,-4.045393,6.430821,-0.023907,-0.090462,-0.870857,-1.331914,-1.801434,0.002799,-0.017550,-0.360477,-0.478923,0.004187,-0.184057
213,3.260000,-19.225483,9.680671,2.772782,19.529016,4.880147,3.638382,-3.423508,-2.321929,4.738670,-20.331457,6.961622,-1.145859,-2.851710,10.805974,-0.044450,0.299891,-4.342453,5.975033,-0.005259,-0.039335,-0.947909,-1.135347,-1.775118,0.002160,0.021079,-0.267927,-0.427911,-0.005788,-0.191227
214,3.280000,-19.190229,10.427121,2.850276,20.549334,4.344499,3.728618,-3.326617,-2.004240,4.599199,-17.984804,8.087706,-0.308952,-1.956243,13.610546,0.011428,0.566656,-4.336300,5.437768,0.002034,0.013972,-0.944533,-0.791881,-1.408202,-0.004652,0.039118,-0.156238,-0.322735,-0.013965,-0.167354
215,3.300000,-16.709702,8.629089,2.523339,20.859058,3.267593,3.866231,-3.299484,-1.408405,4.726150,-14.093307,7.402208,0.570146,-0.638283,16.019535,0.016282,0.565283,-3.832051,4.386155,0.006007,0.024536,-0.831370,-0.408976,-0.798912,-0.002203,0.038476,-0.070411,-0.149756,-0.033755,-0.126134
216,3.320000,-11.743526,4.291846,1.727466,20.141336,1.725301,4.143905,-3.560271,-0.588710,5.080609,-9.232737,5.730999,1.432123,0.895929,17.025911,0.001150,0.401419,-2.680688,2.480207,0.018822,0.010543,-0.556832,0.000422,-0.097204,-0.012506,0.046042,0.010628,0.054534,-0.054336,-0.074680
217,3.340000,-4.075608,-0.480088,2.517895,17.097845,-3.207212,2.259154,-3.825584,-1.637817,4.367831,-3.090515,-5.735901,3.220615,1.860774,16.369352,-6.529639,0.512369,-0.944038,-0.759371,4.287830,0.010755,-0.105969,0.590668,0.315561,-0.017179,0.057949,0.155085,0.156849,-0.077205,0.036085
218,3.360000,0.563397,-3.775383,3.710752,7.279346,-11.267883,-2.167134,-1.470974,5.084502,3.997420,5.146457,-21.738457,5.438875,1.377277,19.084402,-13.576010,1.961336,0.982382,-3.757721,5.928864,0.342291,0.365454,1.219745,-0.129562,-0.001988,0.001157,0.311054,-0.029198,0.033386,0.204774
219,3.380000,0.840040,-1.400592,1.443435,-1.308608,-17.380007,-6.329614,0.610126,9.408304,2.528438,5.773526,-32.214504,4.600641,1.892384,20.616404,-11.190071,3.578612,1.028822,-4.815524,-0.784490,0.612891,0.221105,0.781952,-0.679039,0.050382,-0.006791,0.241830,-0.213936,0.174018,0.150815
220,3.400000,2.022648,-0.425946,0.526432,0.033798,-20.871733,-4.173576,0.739022,11.721638,0.749968,4.796590,-27.151760,3.230554,3.867856,15.861557,-11.607712,4.314800,-0.412793,-3.556154,-2.446470,1.058950,0.127074,0.308880,0.088896,-0.119114,-0.007601,0.023349,-0.163938,0.131648,-0.037630
221,3.420000,4.069385,-0.796886,-0.131718,2.528222,-21.648319,-3.406603,0.486711,13.089121,-0.482733,5.844631,-23.753706,2.456503,4.248059,9.674496,-11.300985,4.235042,-1.249336,-1.781186,-3.546831,1.127083,-0.141751,0.008072,0.573475,-0.036461,-0.017077,-0.056799,0.035567,0.157781,-0.087047
222,3.440000,0.803241,-0.897391,-0.987415,4.011907,-23.294268,-4.234674,-1.419329,14.925891,1.717625,0.373690,-18.956663,2.002476,3.285842,-0.423773,-8.049200,3.536406,-0.750400,0.328446,-4.914698,0.913673,-0.050921,0.186170,0.818120,0.060618,-0.035482,0.061370,0.145869,0.067361,-0.015135
223,3.460000,-3.479633,2.205443,-2.190104,2.601626,-24.550224,-4.267048,-1.132170,14.790109,2.772765,-3.081984,-14.132269,1.190618,3.145121,-0.744618,-3.931325,2.618436,-0.681853,0.258517,-5.886657,0.579511,-0.186458,0.341121,0.832422,0.120415,0.118390,0.201910,0.161609,0.010580,0.045708
224,3.480000,-8.271993,7.601798,-1.967583,0.289251,-21.623825,-5.046993,-0.049171,12.828063,2.015916,-5.405266,-9.311830,0.285773,2.502632,-0.203919,0.463353,1.293947,-0.849718,0.013581,-6.559663,0.236118,-0.387244,-0.058562,0.345936,0.155012,0.161554,0.096331,0.033881,0.042849,0.046574
225,3.500000,-10.448185,9.988688,-1.636393,-0.512136,-19.224892,-5.917885,0.080655,11.784105,1.344938,-5.800494,-6.206751,-0.217936,1.571232,-0.161197,5.078815,0.458192,-0.918037,-0.096833,-7.007747,0.019343,-0.371026,-0.570808,-0.150083,0.059230,0.092789,-0.101414,-0.073889,0.047341,0.001976
226,3.520000,-9.640020,9.943872,-1.951579,-0.716455,-18.500673,-6.533557,0.288646,11.855538,0.538238,-3.687291,-5.446690,-0.693103,1.012104,-0.110956,7.957323,0.472552,-0.849079,-0.118811,-7.503287,-0.047171,-0.220590,-0.834113,-0.409694,-0.033732,0.014951,-0.217845,-0.112506,0.055111,-0.049599
227,3.540000,-7.360260,8.780120,-2.172230,-1.069908,-19.162340,-6.507573,0.412732,11.538597,-0.361201,-1.143574,-5.175354,-1.313289,0.918641,-0.061215,8.966046,1.197387,-0.838838,-0.103144,-7.784185,0.130051,-0.090409,-1.091337,-0.417674,-0.058423,-0.040104,-0.312292,-0.071826,0.068475,-0.090326
228,3.560000,-4.469733,6.187968,-2.247263,-1.184107,-20.487896,-6.062856,0.573494,10.473183,-0.882978,0.836673,-6.256833,-1.986837,0.853420,-0.060245,8.741226,1.849958,-0.826720,-0.080090,-7.793351,0.327283,-0.054253,-1.365815,-0.361318,-0.039868,-0.052578,-0.380740,-0.042267,0.096229,-0.103134
229,3.580000,-1.780009,2.389463,-2.561451,-0.922067,-20.883497,-5.824070,0.490317,9.404916,-0.562441,1.926875,-8.471156,-2.347999,0.552826,-0.125274,8.032160,1.963840,-0.912682,-0.061766,-7.760571,0.376464,-0.138036,-1.528450,-0.446697,-0.012743,-0.027526,-0.393982,-0.077568,0.117684,-0.095060
230,3.600000,-0.026059,-1.079775,-2.554032,-1.332444,-20.679735,-6.108281,0.673425,8.311463,0.345911,2.685647,-10.939056,-2.262512,0.291651,-0.198141,7.558389,1.923571,-0.957166,-0.061268,-7.700616,0.363635,-0.212160,-1.442777,-0.635660,-0.014046,-0.011497,-0.353262,-0.134829,0.103241,-0.108883
231,3.620000,1.086503,-4.203303,-1.926005,-2.435435,-20.331657,-6.792702,1.196229,6.790789,1.583000,3.462260,-13.246791,-1.845385,-0.049761,-0.242542,7.737566,1.912699,-0.972978,-0.071572,-7.641567,0.350267,-0.222100,-1.234387,-0.856255,-0.027486,-0.018055,-0.310660,-0.193010,0.081514,-0.101852
232,3.640000,2.620762,-7.522071,-1.202669,-3.184252,-20.331011,-7.390186,1.449008,5.119787,2.676562,4.360202,-14.983117,-1.328647,-0.366036,-0.255562,8.806621,1.977076,-1.100185,-0.067831,-7.406072,0.305456,-0.231754,-1.065792,-1.024218,-0.020533,-0.032512,-0.275364,-0.231301,0.065354,-0.060197
233,3.660000,4.381937,-10.478439,-1.151150,-1.910567,-21.236259,-7.282453,0.810088,3.917312,3.262605,4.991498,-15.272406,-1.231265,-0.468597,-0.269404,10.502690,2.293670,-1.230456,-0.042507,-6.310899,0.326845,-0.236442,-1.017033,-1.094107,-0.008707,-0.064147,-0.244548,-0.243796,0.088395,-0.042599
234,3.680000,5.065077,-10.903002,-1.273871,-0.663296,-22.286650,-6.474681,0.332654,3.904102,3.177281,5.987720,-13.532556,-1.102968,-0.062805,-0.262907,12.666260,2.449388,-1.452225,-0.035407,-5.187438,0.320897,-0.318239,-0.914092,-0.804246,0.011538,-0.068003,-0.233981,-0.199068,0.085373,-0.013929
235,3.700000,4.527742,-9.043457,-1.888342,0.816616,-22.261007,-5.353310,-0.214427,4.370787,2.592644,5.776719,-9.916391,-0.856300,1.018829,-0.252259,15.196621,2.380610,-1.638453,-0.038463,-3.296129,0.364826,-0.387307,-0.813805,-0.266453,0.032078,-0.057510,-0.227793,-0.075998,0.061551,-0.021268
236,3.720000,3.967375,-6.300119,-4.950505,9.313782,-16.049158,-0.145057,-5.323718,2.414220,1.551241,-16.432497,-0.403116,-1.136084,3.555618,-10.535081,19.003567,1.667677,-2.700272,-3.424890,-1.202710,0.215820,-0.645855,-0.958383,0.519697,0.064444,-0.031799,-0.226141,0.108366,0.009955,-0.062002
237,3.740000,9.043786,-7.021583,-6.052739,19.019657,-5.968470,7.535315,-11.604375,0.305336,1.083884,-26.670303,5.974465,0.127426,6.627271,-9.702881,20.449226,1.199645,-3.965178,0.601912,2.779150,0.144399,-0.777494,-1.143910,1.144943,0.056477,0.035049,-0.328531,0.160533,0.076610,-0.182591
238,3.760000,11.591293,-8.840711,-1.919001,21.415710,-4.388100,8.086233,-16.453205,0.412909,1.611117,-19.267086,2.159097,3.555175,6.530317,-5.193237,13.843727,1.280998,-3.460464,1.905300,1.801667,0.278452,-0.574811,-0.050239,1.441601,0.028589,0.075052,-0.199868,0.320801,0.099608,-0.198195
239,3.780000,10.128374,-9.171167,2.693377,20.681684,-3.551888,7.848495,-18.461952,0.782923,2.234837,-13.809160,-2.769724,4.446487,3.085880,-0.637422,3.296330,0.076339,-1.674975,2.787045,0.017463,0.006511,-0.234688,0.938133,0.823587,0.022574,0.180534,0.254700,0.372292,-0.026897,0.064659
240,3.800000,10.023707,-9.792940,5.259498,21.371504,-1.738726,9.311869,-20.416189,0.595233,2.420268,-13.268095,-3.822403,5.144011,1.041479,4.023063,-0.663457,-0.591263,0.270821,3.643250,-0.130933,-0.025755,0.247143,1.331641,0.077509,-0.103577,0.056311,0.401491,0.186752,-0.095756,0.207736
241,3.820000,8.996762,-10.409845,3.909193,21.590895,-2.773592,9.859053,-17.020082,1.216154,3.017874,-12.154153,-5.465006,4.819823,0.170901,6.387994,-0.410742,0.600309,0.619856,3.366101,-0.077940,0.316630,0.359425,1.029884,-0.481284,-0.129814,-0.068068,0.267679,-0.083119,-0.020763,0.188531
242,3.840000,8.056601,-11.737660,1.023183,23.371355,-4.425660,9.576470,-13.349902,2.199802,3.917186,-11.728340,-6.708056,2.778406,0.460989,7.648748,-0.472869,2.419550,-0.928015,3.773109,-0.061135,0.671345,-0.021584,0.223715,-0.516907,-0.094524,-0.172944,0.077110,-0.160522,0.058801,-0.010264
243,3.860000,7.843989,-11.217044,1.662086,22.339809,-2.920092,8.801575,-13.813260,1.301228,3.093676,-11.819588,-4.512550,1.110924,0.047569,6.646421,-0.403552,2.823515,-1.661815,5.043373,-0.027989,0.630848,-0.191326,-0.486248,-0.361295,0.008895,-0.119566,-0.049724,-0.029351,0.123664,-0.147010
244,3.880000,6.389211,-9.056432,0.929281,20.716841,0.018123,7.561876,-12.632416,-0.065986,1.861017,-12.998013,-1.774068,-0.264579,-0.037978,4.654812,-0.279024,2.012305,-1.770898,6.334179,0.010540,0.408990,-0.228283,-0.929451,-0.348039,0.034020,-0.023611,-0.181428,-0.051735,0.169599,-0.143914
245,3.900000,1.495498,-4.748387,0.006130,19.284645,1.859682,6.324895,-8.999640,-0.936509,1.746203,-13.932389,0.644625,-1.231537,-0.591863,3.475219,-0.213707,1.018324,-1.858523,6.925248,0.024220,0.232101,-0.370656,-1.106493,-0.658826,0.026557,0.025367,-0.255484,-0.183881,0.077886,-0.096592
246,3.920000,-4.646596,-0.057048,0.918570,18.181629,2.894933,5.239970,-7.057812,-1.506281,2.266968,-16.160061,2.365938,-1.634465,-1.479770,3.241545,-0.191315,0.217695,-2.391212,7.043015,0.001059,0.053658,-0.519895,-1.216699,-1.047001,-0.007537,-0.010474,-0.302032,-0.280485,0.000795,-0.084676
247,3.940000,-9.665344,3.280780,1.422593,18.450285,3.180164,4.681708,-5.822066,-1.578360,2.927160,-18.680719,3.504652,-1.860257,-2.228242,3.833619,-0.160338,-0.234754,-3.178641,6.791797,-0.040491,-0.081348,-0.680576,-1.361017,-1.464533,-0.024107,-0.046235,-0.359362,-0.419162,-0.009507,-0.121386
248,3.960000,-13.923406,5.826816,1.705510,19.549734,3.466062,4.300639,-4.844150,-1.693810,3.640793,-20.422865,4.758415,-2.171634,-2.841243,5.579132,-0.109357,-0.176551,-3.811686,6.630078,-0.046996,-0.110275,-0.817484,-1.515487,-1.810725,-0.013135,-0.033399,-0.415877,-0.508578,0.001449,-0.168058
249,3.980000,-17.955254,8.543984,2.303201,20.135696,4.255525,3.750906,-3.812901,-2.113840,4.279786,-20.973661,6.131660,-2.158538,-3.259848,8.315880,-0.074138,0.111925,-4.248923,6.393147,-0.029341,-0.072430,-0.920652,-1.536825,-1.979172,-0.002512,0.004547,-0.401962,-0.508943,0.004535,-0.186102
250,4.000000,-20.271873,10.944230,2.909349,20.783867,4.483110,3.467162,-3.320697,-2.168899,4.432821,-19.819687,7.800069,-1.356483,-2.898276,11.429311,-0.000733,0.514764,-4.417495,6.064621,-0.017239,0.004635,-0.973589,-1.241031,-1.789744,-0.003939,0.037585,-0.286565,-0.415110,-0.006468,-0.175700
251,4.020000,-19.958977,11.175368,3.063016,21.358027,3.866235,3.529452,-3.188516,-1.768196,4.599264,-16.953623,8.195908,-0.216182,-1.819494,14.570803,0.045374,0.762257,-4.185541,5.518851,-0.012471,0.060970,-0.926365,-0.781522,-1.327326,0.003659,0.037247,-0.156547,-0.281060,-0.013777,-0.158839
252,4.040000,-17.352076,8.741879,2.800665,21.185814,2.830701,3.639123,-3.150535,-1.197032,5.236157,-12.902367,7.104130,0.992185,-0.430273,16.818445,0.015272,0.627381,-3.553109,4.307697,-0.003020,0.044635,-0.768789,-0.252363,-0.676965,0.003769,0.033481,-0.033865,-0.115197,-0.028772,-0.117625
253,4.060000,-11.857395,3.711319,1.822842,20.344360,1.557514,3.863231,-3.390414,-0.550049,5.818135,-8.041837,5.337459,1.949534,1.279550,17.399956,-0.011752,0.296896,-2.424102,2.238826,0.025189,-0.006448,-0.486472,0.225720,0.096146,-0.012667,0.039730,0.067413,0.090365,-0.047071,-0.069463
254,4.080000,-4.409166,-0.855435,2.226283,17.772715,-2.625947,2.248491,-3.586442,-2.216044,5.161702,-2.781860,-4.222844,3.590232,2.510771,16.615761,-5.824309,0.384460,-0.833222,-0.800032,4.143093,-0.007915,-0.071414,0.787029,0.552377,-0.020460,0.048344,0.203871,0.207104,-0.074772,0.036534
255,4.100000,0.540796,-3.963608,3.524182,8.587800,-10.993339,-2.284222,-1.612954,4.524348,4.525824,5.072732,-20.338707,5.903579,2.132611,18.914997,-13.315659,1.887455,1.056961,-3.637047,5.947958,0.338440,0.408139,1.432016,0.173741,-0.005990,0.016016,0.375902,0.041000,0.011114,0.214949
256,4.120000,0.473263,-0.707552,1.513329,-0.732271,-18.409258,-6.545646,0.458601,9.930224,2.860074,6.337956,-32.591133,5.329095,2.337255,20.817297,-11.454224,3.643693,1.152383,-4.815945,-0.364577,0.616593,0.229656,1.067192,-0.530854,0.059825,-0.018992,0.340726,-0.154534,0.172921,0.181185
257,4.140000,1.756997,-0.080824,0.694997,0.571983,-21.326221,-4.415973,0.585951,12.048913,0.928280,4.918360,-27.293335,3.656800,4.042652,16.361267,-12.198898,4.371903,-0.431809,-3.627028,-2.343698,1.052129,0.088138,0.467019,0.096489,-0.093724,-0.011303,0.064018,-0.160392,0.135826,-0.038470
258,4.160000,4.005489,-0.482086,0.136049,3.079046,-22.129745,-3.366413,0.413946,12.822344,-0.605413,5.470768,-23.780401,2.491496,4.288746,10.436077,-12.233405,4.311779,-1.436391,-1.895282,-3.674932,1.160343,-0.183653,0.016872,0.554545,-0.045081,-0.014213,-0.055769,0.019335,0.163070,-0.121840
259,4.180000,1.010654,-0.609862,-0.582736,4.400288,-23.750750,-4.050581,-1.490792,15.041389,1.286993,0.420933,-19.535822,1.817556,3.149148,-0.387617,-9.455605,3.632242,-0.937420,0.331438,-4.919751,0.973749,-0.080198,0.067053,0.793678,0.049770,-0.052013,0.021265,0.140931,0.083812,-0.050577
260,4.200000,-3.112793,2.134460,-1.745281,3.217777,-25.569527,-3.945269,-1.401860,15.403334,2.455847,-2.914545,-15.069783,1.094486,2.737224,-0.781540,-5.446820,2.726211,-0.652325,0.269623,-6.057207,0.645840,-0.140774,0.247717,0.737164,0.111536,0.083342,0.170473,0.143924,0.010263,0.034985
261,4.220000,-7.544160,7.167336,-1.993700,0.623613,-22.648121,-4.726961,-0.170989,13.398091,1.646659,-5.247422,-10.423949,0.103626,2.150280,-0.203379,-1.032865,1.373562,-0.830455,0.029745,-6.665042,0.259152,-0.369495,-0.126213,0.222529,0.160252,0.168742,0.081906,0.003502,0.041453,0.051700
262,4.240000,-9.951727,9.768341,-1.689091,-0.515481,-19.913986,-5.571458,0.105970,11.978915,1.009427,-5.866800,-6.883892,-0.445707,1.328993,-0.157363,3.669307,0.514699,-0.936869,-0.084044,-7.067350,0.033495,-0.386443,-0.661745,-0.269228,0.068352,0.103362,-0.122103,-0.108270,0.050609,0.008285
263,4.260000,-9.171353,9.749819,-2.018052,-0.578765,-19.000778,-6.273416,0.246234,12.005214,0.204495,-3.786851,-5.979689,-0.928584,0.834532,-0.095631,6.686673,0.475658,-0.876587,-0.107279,-7.527172,-0.062729,-0.248697,-0.939864,-0.500692,-0.028102,0.028935,-0.252228,-0.146582,0.056380,-0.039606
264,4.280000,-6.918840,8.746803,-2.420520,-0.885248,-19.523129,-6.337637,0.341270,11.989642,-0.781236,-1.137407,-5.551329,-1.545938,0.795487,-0.033955,7.817281,1.116804,-0.891118,-0.095126,-7.905214,0.090365,-0.118910,-1.168671,-0.499299,-0.055894,-0.028874,-0.335109,-0.104228,0.061042,-0.082648
265,4.300000,-4.188665,6.518452,-2.522827,-1.081614,-20.753860,-5.956611,0.561754,10.976450,-1.392079,0.918390,-6.317472,-2.346481,0.860109,-0.024479,7.690720,1.745141,-0.800448,-0.075562,-7.926645,0.297144,-0.041646,-1.473127,-0.377838,-0.044553,-0.055618,-0.410337,-0.049063,0.089952,-0.109885
266,4.320000,-1.652539,2.917974,-2.851928,-0.822104,-21.170124,-5.703067,0.456986,10.019464,-1.098227,1.934415,-8.558290,-2.807214,0.607250,-0.095129,6.903396,1.894114,-0.815739,-0.057418,-7.980322,0.371274,-0.098876,-1.703618,-0.415564,-0.019726,-0.030722,-0.438270,-0.070114,0.122105,-0.096056
267,4.340000,0.089547,-0.600580,-3.005575,-0.918289,-20.940443,-5.868337,0.457682,9.069908,-0.142644,2.510611,-11.030558,-2.753060,0.427922,-0.177953,6.294460,1.839876,-0.895243,-0.053741,-7.960798,0.357989,-0.187519,-1.657734,-0.548650,-0.013620,-0.006126,-0.409299,-0.109261,0.109490,-0.099403
268,4.360000,0.909167,-3.511045,-2.633589,-1.799488,-20.476761,-6.529999,0.881202,7.946465,1.253303,3.109432,-13.366725,-2.255254,0.321658,-0.232299,6.269094,1.830511,-0.983683,-0.063746,-7.975435,0.340033,-0.227537,-1.404307,-0.704473,-0.027895,-0.010029,-0.353742,-0.154391,0.084294,-0.104562
269,4.380000,1.928713,-6.565593,-1.757366,-3.005417,-20.228624,-7.255858,1.447434,6.228895,2.635762,3.930914,-15.385571,-1.545412,0.039559,-0.246797,7.121861,1.869625,-1.088598,-0.071208,-7.935911,0.306789,-0.232404,-1.128016,-0.855919,-0.030459,-0.018866,-0.297510,-0.190634,0.065211,-0.071452
270,4.400000,3.228647,-9.477680,-1.043805,-3.085137,-20.612747,-7.533159,1.389204,4.711020,3.667397,4.638155,-16.414888,-0.878430,-0.216964,-0.248922,8.822169,2.040299,-1.281910,-0.056008,-7.504327,0.271595,-0.255286,-0.902245,-0.955049,-0.017464,-0.042514,-0.231783,-0.209250,0.072433,-0.038008
271,4.420000,4.550898,-11.550186,-0.926967,-1.463183,-22.081589,-7.062671,0.650528,3.753322,4.047122,5.287950,-15.832688,-0.705866,-0.278688,-0.260141,11.002300,2.394822,-1.444468,-0.034571,-6.335588,0.330018,-0.279907,-0.797332,-0.969181,0.000603,-0.069859,-0.184981,-0.209430,0.090651,-0.035821
272,4.440000,4.838490,-11.169674,-1.140112,-0.181597,-23.286541,-5.919756,0.157764,3.957789,3.757334,6.033291,-13.377424,-0.485101,0.317441,-0.261172,13.381120,2.493482,-1.618273,-0.034843,-4.885132,0.348161,-0.365167,-0.672098,-0.605984,0.027946,-0.069582,-0.179582,-0.157329,0.072682,-0.011377
273,4.460000,4.278296,-8.855866,-1.809530,1.633169,-22.927849,-4.760880,-0.536549,4.335501,2.930806,5.658588,-9.149478,-0.182845,1.495674,-0.241724,16.038179,2.345144,-1.707079,-0.038681,-2.801173,0.391527,-0.407527,-0.567051,-0.054010,0.040605,-0.055874,-0.171587,-0.025317,0.043280,-0.027861
274,4.480000,4.516571,-5.849454,-4.747967,11.622056,-14.593680,2.109839,-6.869999,2.078508,1.816097,-18.397110,2.284509,-0.613074,4.452356,-13.141348,20.488567,1.504135,-2.988637,-0.490272,-1.004594,0.191124,-0.692667,-0.834490,0.780345,0.073085,-0.020312,-0.187706,0.154821,-0.000413,-0.069090
275,4.500000,10.687080,-7.844039,-5.474507,19.154102,-5.129630,8.819695,-12.272285,0.884816,1.082184,-25.949205,5.420247,1.179628,6.915534,-8.588442,20.906101,1.319520,-3.881229,0.756038,1.441086,0.229557,-0.697399,-0.856529,1.243992,0.035693,0.047912,-0.289063,0.178114,0.111656,-0.210266
276,4.520000,11.996876,-9.379613,-1.264714,21.219898,-4.245223,8.305054,-16.941059,0.419084,1.797198,-18.142252,1.254345,4.091668,6.161780,-5.525714,12.425281,1.232894,-3.055156,2.359044,2.057858,0.278425,-0.501754,0.220997,1.439169,0.030251,0.105282,-0.090542,0.372187,0.083714,-0.144502
277,4.540000,9.988267,-9.384528,3.079620,20.506716,-3.024313,8.257523,-18.819332,0.803917,2.352510,-14.071798,-3.122665,4.365273,2.571917,-1.188780,1.400726,0.003280,-1.189463,3.399395,-0.120891,-0.015677,-0.142424,1.009222,0.674001,0.014765,0.171819,0.306847,0.344904,-0.037414,0.095504
278,4.560000,9.884190,-9.419529,5.493987,21.806446,-1.545023,9.767460,-20.919212,0.507955,2.232115,-14.476087,-3.493210,5.169339,0.899262,2.701815,-0.678851,-0.473514,0.606167,4.652407,-0.134465,0.025593,0.329607,1.280476,-0.011964,-0.103570,0.030341,0.390151,0.145738,-0.085972,0.211975
279,4.580000,8.573298,-10.248222,3.427695,22.121300,-2.999244,9.820771,-16.733324,1.354026,3.024879,-13.509693,-5.562529,4.446913,0.130958,4.236683,-0.382596,0.846351,0.621282,4.578344,-0.088461,0.372891,0.363910,0.846976,-0.545296,-0.111639,-0.083617,0.216172,-0.133260,0.004896,0.175786
280,4.600000,7.681351,-11.497972,1.059934,23.718340,-4.414563,9.331847,-13.834114,2.177470,3.812094,-13.420965,-6.469018,2.354729,0.261099,4.847581,-0.456842,2.505612,-0.955447,5.263907,-0.068714,0.665750,-0.026377,0.034342,-0.575247,-0.086953,-0.178197,0.033018,-0.166675,0.068685,-0.026016
281,4.620000,7.800308,-11.275663,1.732479,22.003447,-2.539344,8.434781,-14.458993,1.129475,2.879709,-13.564979,-4.284074,0.617754,-0.315988,3.116682,-0.385672,2.786602,-1.670412,6.476594,-0.033648,0.596717,-0.193077,-0.676215,-0.496494,0.005825,-0.101672,-0.108253,-0.053686,0.130751,-0.144931
282,4.640000,5.727618,-8.734537,1.288513,20.142738,0.299620,7.081279,-13.268896,-0.164134,1.847576,-15.060455,-1.545172,-0.458802,-0.618022,0.972435,-0.261474,1.830840,-1.773970,7.253336,0.009915,0.372457,-0.232369,-0.980287,-0.565282,0.020857,-0.000556,-0.198801,-0.115592,0.168987,-0.137087
283,4.660000,0.381595,-4.269727,0.871311,18.479162,2.281580,5.838353,-10.090321,-1.108959,1.962741,-16.526793,0.932220,-1.122462,-1.368216,-0.194913,-0.206218,0.744284,-1.958386,7.372680,0.031852,0.169312,-0.400410,-1.051814,-0.954024,0.022405,0.024125,-0.241655,-0.262006,0.052178,-0.096888
284,4.680000,-5.621446,0.221524,1.450982,17.883755,3.274555,4.965582,-8.027195,-1.614241,2.536636,-18.957634,2.560399,-1.569378,-2.208109,0.169292,-0.194168,-0.046072,-2.737827,7.232437,0.003561,-0.029050,-0.600301,-1.170393,-1.375036,-0.008284,-0.033112,-0.287214,-0.375973,-0.013922,-0.105429
285,4.700000,-10.570457,3.660179,1.591360,18.847525,3.482600,4.527535,-6.395726,-1.679440,3.043915,-21.346771,3.707865,-2.053480,-2.767204,1.835804,-0.164712,-0.329160,-3.656074,7.110383,-0.037900,-0.125688,-0.795580,-1.398024,-1.737585,-0.025246,-0.056859,-0.363550,-0.491960,-0.009777,-0.152523
286,4.720000,-15.146971,6.594849,1.694165,20.038658,3.967412,4.109175,-4.926747,-1.966436,3.746606,-22.890089,5.120651,-2.520069,-3.067449,4.345514,-0.096928,-0.096826,-4.235825,7.169983,-0.039816,-0.094723,-0.920468,-1.635956,-1.946509,-0.011734,-0.027655,-0.439679,-0.531609,0.006868,-0.189223
287,4.740000,-19.105587,9.542150,2.350818,20.326788,4.655314,3.674541,-3.908916,-2.305119,4.387353,-22.867229,6.646030,-2.282446,-3.087928,7.425479,-0.041280,0.315549,-4.485857,6.916028,-0.022811,-0.022195,-0.974677,-1.604237,-1.922685,0.000600,0.022463,-0.410637,-0.473156,0.002599,-0.198781
288,4.760000,-20.677330,11.401348,2.806848,20.962591,4.592334,3.555691,-3.551042,-2.193477,4.605766,-21.029812,8.109294,-1.221462,-2.369622,10.867778,0.036498,0.724577,-4.420146,6.497612,-0.013912,0.061682,-0.958946,-1.223317,-1.581166,0.003259,0.050284,-0.285151,-0.356397,-0.003394,-0.176282
289,4.780000,-19.661671,10.864332,2.829768,21.444361,3.701580,3.612145,-3.374599,-1.647354,4.907444,-17.616024,8.041191,0.075554,-1.198042,14.179491,0.047545,0.820156,-3.987040,5.648124,-0.012057,0.082080,-0.863808,-0.686463,-1.062334,0.010009,0.041353,-0.145029,-0.216633,-0.014108,-0.143525
290,4.800000,-16.137114,7.610343,2.491533,21.169127,2.561697,3.667156,-3.536473,-1.042951,5.565907,-12.946063,6.746692,1.437803,0.264616,16.404392,0.009422,0.592562,-3.155006,4.065104,0.000368,0.052671,-0.669776,-0.076243,-0.375113,0.001962,0.036129,-0.001980,-0.040771,-0.031165,-0.094810
291,4.820000,-9.964799,2.106913,1.576169,20.174337,0.753173,3.882402,-3.871992,-0.161690,6.016956,-7.589202,4.694144,2.538458,1.859790,16.897953,-0.050644,0.306781,-1.889319,1.532859,0.025557,-0.005385,-0.361904,0.498478,0.318825,-0.014480,0.037285,0.135022,0.152671,-0.054835,-0.036243
292,4.840000,-2.306212,-2.859433,3.347137,15.642212,-5.596219,1.298861,-3.460841,0.169062,5.109284,-0.492243,-9.025248,4.574951,2.492343,16.777346,-6.239313,0.760969,-0.145299,-1.549598,3.142816,0.094087,0.109207,1.137215,0.550869,-0.020680,0.056635,0.297730,0.196269,-0.065958,0.104060
293,4.860000,0.360225,-2.533212,3.176175,4.448434,-13.738471,-3.201082,-0.460054,6.762882,4.005122,5.992815,-25.080568,5.999530,2.051688,20.177221,-16.467066,2.547241,1.248363,-4.525002,1.842009,0.446837,0.372304,1.476762,-0.112098,0.014696,-0.023530,0.406173,-0.012562,0.093327,0.235955
294,4.880000,0.935215,-1.839481,1.065226,-0.327950,-16.508425,-5.639788,0.419014,9.041071,2.649839,4.606960,-30.659504,4.320323,2.590479,20.291433,-12.319787,3.683443,0.639936,-4.657229,-1.674660,0.700190,0.164087,0.677457,-0.451680,0.019001,0.025897,0.204735,-0.213061,0.162433,0.087820
295,4.900000,2.737499,-0.726972,0.453217,1.216858,-19.641691,-3.602144,0.631467,11.279597,0.477404,4.896077,-25.753298,3.057998,3.989687,15.301729,-12.446368,4.228890,-0.796338,-3.267731,-3.399203,1.078802,0.066441,0.260466,0.226657,-0.127166,-0.029917,0.002203,-0.123983,0.114798,-0.080800
296,4.920000,4.063010,-1.249560,-0.377254,3.354675,-20.976000,-3.273806,0.047268,12.800345,-0.351846,4.833885,-22.929173,2.076996,4.006783,8.559193,-11.911391,3.939759,-1.357456,-1.462029,-4.419837,1.073563,-0.177517,-0.058567,0.672899,-0.004753,-0.032141,-0.059895,0.072911,0.142988,-0.090331
297,4.940000,-0.710354,-0.393740,-1.134832,4.372169,-24.262524,-3.953360,-1.642058,15.473648,2.470308,-0.673895,-18.387136,1.710166,3.052295,-0.551647,-8.158249,3.290911,-0.678289,0.311682,-5.623240,0.893285,-0.018753,0.171531,0.875403,0.055014,-0.046210,0.086636,0.174300,0.048703,-0.008659
298,4.960000,-4.411442,3.338495,-2.414652,2.665709,-24.275219,-4.309710,-1.127123,15.046765,2.675924,-3.339302,-13.537336,0.920427,3.021287,-0.486246,-4.308035,2.218941,-0.708310,0.204017,-6.508906,0.459999,-0.252311,0.249676,0.707342,0.157305,0.146403,0.161898,0.135180,0.017439,0.047447
299,4.980000,-8.730766,8.169886,-2.138460,0.516049,-21.329674,-5.089508,-0.241551,13.018661,1.801177,-5.563781,-8.990621,-0.005275,2.215190,-0.172583,-0.027623,0.952459,-0.931988,-0.010484,-7.222628,0.135724,-0.433408,-0.248153,0.173071,0.145259,0.153522,0.041723,0.000010,0.036985,0.037787
300,5.000000,-10.111313,10.050035,-1.884076,-0.268977,-19.162289,-6.055466,-0.024630,12.154139,0.867651,-5.361239,-6.809052,-0.698366,1.349549,-0.155156,4.166674,0.438052,-0.965677,-0.100373,-7.576088,-0.009378,-0.374352,-0.786932,-0.254339,0.032802,0.069816,-0.173075,-0.086122,0.052242,-0.021796
301,5.020000,-8.963920,9.834394,-2.336814,-0.761490,-19.067699,-6.580707,0.299070,12.592245,-0.063593,-2.903143,-6.444776,-1.271496,0.870771,-0.102037,6.521319,0.709571,-0.951661,-0.124003,-8.162756,0.006749,-0.219003,-1.063722,-0.488752,-0.040703,0.003125,-0.290390,-0.124768,0.061086,-0.057257
302,5.040000,-6.318650,8.377517,-2.434791,-1.034742,-19.694853,-6.542736,0.402096,11.664343,-1.046429,-0.547004,-6.112713,-1.971324,0.885355,-0.071368,7.261012,1.394650,-0.937698,-0.101863,-8.224544,0.191863,-0.097485,-1.376154,-0.443640,-0.051316,-0.053599,-0.407389,-0.076660,0.073945,-0.105126
303,5.060000,-3.482448,5.312142,-2.595782,-0.975507,-20.705746,-6.118487,0.503392,10.543223,-1.296634,1.162166,-7.612128,-2.609152,0.694755,-0.091376,6.854423,1.778640,-0.890930,-0.081333,-8.181927,0.311777,-0.076309,-1.627288,-0.429141,-0.036278,-0.045652,-0.442604,-0.070080,0.107858,-0.104178
304,5.080000,-1.036824,1.513676,-2.913118,-0.909915,-20.663950,-5.924952,0.490225,9.682218,-0.758018,2.189519,-10.021166,-2.800656,0.369958,-0.155579,6.126760,1.785555,-0.900335,-0.065060,-8.069521,0.330598,-0.150223,-1.700861,-0.540464,-0.019212,-0.020526,-0.424593,-0.109549,0.116006,-0.096652
305,5.100000,0.341592,-1.674521,-2.663079,-1.760804,-20.406652,-6.188212,0.881736,8.436801,0.308882,2.969134,-12.568129,-2.485593,0.140824,-0.211076,5.767000,1.836496,-0.915950,-0.069033,-8.094407,0.342488,-0.205463,-1.516370,-0.722318,-0.025724,-0.011817,-0.368418,-0.160488,0.097734,-0.106987
306,5.120000,1.280342,-4.620794,-1.948309,-3.000477,-19.792871,-6.835223,1.451791,7.048289,1.644360,3.729877,-14.608935,-1.827870,-0.159987,-0.247808,6.185700,1.913031,-0.958582,-0.079508,-7.902966,0.341231,-0.216976,-1.239725,-0.905457,-0.028295,-0.020226,-0.317525,-0.203595,0.075046,-0.088010
307,5.140000,2.605788,-7.714713,-1.067655,-3.406080,-20.073387,-7.356031,1.538357,5.171083,2.782089,4.480306,-16.021042,-1.180464,-0.436671,-0.260216,7.651096,2.078524,-1.132188,-0.069376,-7.553534,0.309502,-0.230684,-1.027749,-1.044880,-0.015910,-0.032639,-0.267633,-0.229421,0.066791,-0.043914
308,5.160000,4.055195,-10.130124,-0.797501,-1.794987,-21.441648,-7.172806,0.780280,3.941530,3.312510,5.093092,-15.789204,-0.913467,-0.521978,-0.271943,9.776854,2.397224,-1.306510,-0.042790,-6.361866,0.336122,-0.245843,-0.898255,-1.088006,-0.003503,-0.062723,-0.218308,-0.240655,0.090721,-0.032378
309,5.180000,4.384805,-10.003787,-1.045847,-0.386894,-22.692038,-6.191757,0.237988,4.277619,3.200065,5.862874,-13.455488,-0.673859,0.077764,-0.268474,12.230475,2.491696,-1.539689,-0.035538,-4.953344,0.331774,-0.340488,-0.745334,-0.716602,0.017110,-0.066307,-0.195545,-0.179354,0.079025,-0.008566
310,5.200000,3.945267,-8.062102,-1.711900,1.391318,-22.585300,-5.040469,-0.405771,4.657561,2.543111,5.539869,-9.565376,-0.376421,1.245696,-0.248307,14.927352,2.321407,-1.708742,-0.035967,-2.955643,0.375420,-0.406558,-0.620763,-0.159270,0.031911,-0.050756,-0.175939,-0.049587,0.055974,-0.033864
311,5.220000,4.127744,-5.847017,-4.705013,11.043308,-15.123239,1.565020,-6.534656,2.407302,1.662720,-18.678207,0.844128,-0.817244,3.996423,-12.573883,18.957155,1.466541,-2.909236,-0.340470,-1.104733,0.185572,-0.677857,-0.881182,0.625904,0.065704,-0.014201,-0.194298,0.116604,0.009232,-0.072879
312,5.240000,9.923076,-7.605545,-5.467000,19.353493,-5.335435,8.733646,-12.265313,0.367704,1.270531,-26.295788,5.522802,0.827523,6.732440,-8.720675,19.705494,1.193181,-3.848509,0.449201,2.855878,0.183906,-0.711250,-0.926023,1.177514,0.036243,0.040653,-0.298634,0.162052,0.099730,-0.199308
313,5.260000,11.582680,-9.294687,-1.452329,21.412497,-4.174168,8.450158,-16.928846,0.324899,1.973307,-19.077986,1.530155,3.841738,6.268413,-5.262852,12.106620,1.205721,-3.209594,1.883363,2.274055,0.263406,-0.534184,0.111550,1.443242,0.034333,0.095610,-0.136609,0.359065,0.084771,-0.155513
314,5.280000,9.780962,-9.352497,3.065514,20.643648,-2.956805,8.330258,-18.830687,0.813824,2.512475,-14.509987,-2.875410,4.434838,2.742314,-0.686953,1.518481,-0.015553,-1.405742,2.611414,-0.093224,-0.020827,-0.180974,0.974842,0.740060,0.024723,0.172920,0.278517,0.356781,-0.036435,0.090370
315,5.300000,9.819365,-9.618837,5.529439,21.684795,-1.570078,9.723845,-20.873312,0.534246,2.425849,-14.404521,-3.455214,5.278021,0.863291,3.499721,-0.656753,-0.534085,0.415243,3.649806,-0.130483,0.006953,0.287865,1.317020,0.012450,-0.097780,0.038410,0.389490,0.157022,-0.091203,0.211533
316,5.320000,8.698676,-10.604401,3.544573,21.983442,-2.984050,9.823306,-16.827202,1.354224,3.198933,-13.322308,-5.622292,4.590947,0.055162,5.459116,-0.383197,0.819973,0.381931,3.418420,-0.084622,0.362720,0.304123,0.933139,-0.567030,-0.116900,-0.080988,0.241060,-0.134126,-0.004279,0.166518
317,5.340000,7.618913,-11.552579,1.219178,23.679916,-4.442764,9.366115,-13.810974,2.170212,3.929114,-13.162591,-6.435314,2.537143,0.226526,6.415259,-0.450002,2.504615,-1.187864,3.966872,-0.061785,0.665338,-0.072085,0.126174,-0.582436,-0.092977,-0.183563,0.067604,-0.163070,0.069744,-0.040114
318,5.360000,7.231967,-10.805619,1.864619,22.089170,-2.618071,8.514730,-14.146795,1.153427,2.967603,-13.411250,-4.184195,0.823852,-0.312464,5.047004,-0.377225,2.743199,-1.757727,5.180154,-0.025219,0.591741,-0.214931,-0.586417,-0.490104,0.009031,-0.107568,-0.070270,-0.049577,0.133548,-0.158820
319,5.380000,5.108117,-8.157726,1.043107,20.495897,0.206542,7.270360,-12.603236,-0.125426,1.854331,-14.792385,-1.366362,-0.473563,-0.471287,2.989878,-0.253110,1.810527,-1.737999,6.381955,0.012381,0.367774,-0.230976,-0.982719,-0.513287,0.028544,-0.011548,-0.194371,-0.104995,0.167792,-0.143853
320,5.400000,0.132527,-3.960931,0.506492,18.587643,2.140004,6.114467,-9.521342,-1.069295,1.939646,-15.791315,1.106877,-1.258523,-1.075052,2.028174,-0.189678,0.790867,-1.868726,6.899831,0.027802,0.189898,-0.375425,-1.110209,-0.858274,0.028170,0.021902,-0.266354,-0.238994,0.056620,-0.091463
321,5.420000,-5.907701,0.576681,1.234571,17.702873,3.112279,5.184780,-7.482488,-1.574092,2.525652,-18.085983,2.636043,-1.638170,-1.875302,2.022411,-0.177262,0.054184,-2.571412,6.917444,-0.001555,0.012803,-0.558447,-1.221600,-1.232956,-0.008097,-0.023013,-0.309778,-0.333767,-0.009413,-0.093301
322,5.440000,-10.851020,3.883570,1.525525,18.379515,3.422963,4.596154,-5.877290,-1.671729,3.144634,-20.441317,3.713215,-1.921287,-2.517726,3.176924,-0.150801,-0.261933,-3.458486,6.683571,-0.042829,-0.097953,-0.747409,-1.387390,-1.609673,-0.021747,-0.050074,-0.370984,-0.458709,-0.010397,-0.140065
323,5.460000,-15.156218,6.405475,1.666831,19.489149,3.862752,4.175289,-4.684436,-1.894274,4.007235,-21.943542,5.038657,-2.238198,-2.873922,5.449845,-0.095138,-0.128554,-4.086474,6.527893,-0.044398,-0.105929,-0.883576,-1.536657,-1.847076,-0.010775,-0.029948,-0.415217,-0.511921,0.003313,-0.181933
324,5.480000,-18.802792,9.021811,2.191038,20.089043,4.658414,3.693202,-3.645014,-2.297090,4.646213,-21.944347,6.466326,-2.000786,-2.909711,8.544061,-0.064692,0.220520,-4.412956,6.260334,-0.024157,-0.052518,-0.967602,-1.472366,-1.842955,-0.003778,0.017358,-0.370304,-0.458403,-0.000288,-0.190496
325,5.500000,-20.072132,10.703752,2.643332,20.787142,4.538501,3.566932,-3.324942,-2.166216,4.728734,-19.976423,7.894357,-1.039387,-2.225204,11.848172,0.001596,0.623844,-4.437613,5.887089,-0.012385,0.033545,-0.979174,-1.110795,-1.520633,-0.002847,0.046050,-0.246664,-0.338935,-0.007530,-0.174280
326,5.520000,-18.898846,10.188368,2.724397,21.203306,3.637809,3.689201,-3.278688,-1.621964,4.868774,-16.481945,7.847344,0.138017,-1.095781,14.940293,0.019901,0.754375,-4.068253,5.145087,-0.007528,0.067243,-0.893295,-0.630234,-1.015643,0.003214,0.040794,-0.124668,-0.199183,-0.018744,-0.144558
327,5.540000,-15.423042,7.108232,2.330830,20.883564,2.577282,3.814936,-3.343752,-1.065303,5.400740,-11.973157,6.651814,1.340850,0.316600,16.900347,0.004195,0.555183,-3.226357,3.717613,0.007207,0.044209,-0.688333,-0.100306,-0.337358,-0.002589,0.040361,-0.007035,-0.024748,-0.036187,-0.094637
328,5.560000,-9.271786,1.766989,1.447431,19.819040,0.598303,4.048189,-3.694013,-0.088246,5.704815,-6.787760,4.584656,2.352523,1.828640,17.004946,-0.048642,0.284818,-1.929611,1.227716,0.030328,-0.012037,-0.367405,0.422621,0.316759,-0.012018,0.039911,0.113594,0.158931,-0.060209,-0.036795
329,5.580000,-1.748482,-1.983863,2.929532,14.551655,-6.909924,0.137215,-3.416964,0.655881,4.518054,0.231597,-11.646967,4.563941,2.382125,16.961121,-9.544189,0.920159,-0.060951,-1.643057,5.150525,0.099956,0.135360,1.010938,0.441154,-0.018465,0.056378,0.269784,0.164381,-0.069438,0.108105
330,5.600000,0.432754,-2.504597,3.417076,3.651163,-14.657397,-2.583759,-0.229447,7.894561,3.615135,6.418961,-25.443262,5.881804,1.808271,19.975969,-15.844125,2.623693,1.192274,-4.403650,6.658585,0.477439,0.354115,1.442138,-0.222722,0.022121,-0.032457,0.385092,-0.049095,0.111861,0.231416
331,5.620000,0.709076,-1.103323,0.812892,-0.474098,-17.946198,-5.587555,0.390385,10.115200,2.167296,4.273865,-30.794319,4.023375,2.815826,19.288828,-12.564344,3.840847,0.579519,-4.461611,-1.603071,0.761864,0.157025,0.541312,-0.380497,0.013819,0.026335,0.166658,-0.209048,0.174251,0.065007
332,5.640000,2.790997,-0.376057,0.688488,1.532304,-20.444054,-3.834690,0.639604,11.932230,0.158577,5.329851,-25.711412,3.080359,3.921965,13.985353,-12.849834,4.291709,-0.757785,-2.938591,-2.991297,1.097170,0.074296,0.229017,0.209771,-0.115598,-0.044251,-0.031879,-0.125717,0.118362,-0.077013
333,5.660000,3.800430,-1.153839,-0.418153,3.741580,-21.755777,-3.621463,-0.061770,13.548765,-0.215887,4.597324,-22.550406,2.074986,3.834724,6.866399,-11.904017,3.948788,-1.279881,-1.030247,-3.944849,1.063548,-0.171291,-0.019010,0.658148,0.007633,-0.029668,-0.037105,0.076582,0.135170,-0.085098
334,5.680000,-1.017418,-0.084742,-1.168169,4.509257,-25.071548,-3.945517,-1.689751,15.997174,2.557787,-0.881420,-18.041155,1.764259,2.940118,-0.582688,-7.923539,3.218748,-0.594471,0.303619,-5.325571,0.854641,-0.012650,0.273147,0.838278,0.058706,-0.025086,0.136536,0.164727,0.033579,0.001100
335,5.700000,-4.530235,3.771484,-2.210217,2.596137,-24.273611,-4.407909,-1.108250,14.855038,2.358815,-3.527857,-13.349299,0.892579,2.816738,-0.332282,-4.236269,2.065343,-0.662768,0.175366,-5.972858,0.418607,-0.270388,0.245374,0.588086,0.167396,0.167313,0.165673,0.098062,0.023708,0.056340
336,5.720000,-8.683794,8.160966,-1.900990,0.360108,-21.071331,-5.167271,-0.250533,12.696499,1.626378,-5.632708,-8.954510,0.017731,1.964065,-0.174495,0.135975,0.859521,-0.929339,-0.016170,-6.538903,0.124042,-0.418014,-0.279907,0.047925,0.125621,0.146949,0.030304,-0.033892,0.039306,0.034731
337,5.740000,-9.523123,9.487150,-1.743438,-0.266041,-19.082628,-6.102807,0.004710,11.814904,0.799815,-4.974783,-7.064120,-0.610462,1.167355,-0.150197,4.051704,0.486408,-0.956890,-0.091181,-6.861750,-0.008415,-0.345682,-0.784552,-0.321728,0.016264,0.063004,-0.174675,-0.105333,0.058953,-0.025046
338,5.760000,-8.042528,8.856918,-2.192411,-0.638085,-19.520412,-6.536494,0.267168,12.265433,-0.040532,-2.412665,-6.947105,-1.186379,0.679814,-0.078055,6.279013,0.840717,-0.930382,-0.108512,-7.497490,0.023150,-0.189904,-1.022946,-0.543196,-0.046018,0.001049,-0.277955,-0.131888,0.060069,-0.052494
339,5.780000,-5.339268,7.301796,-2.287726,-1.040308,-20.263916,-6.432168,0.445534,11.270011,-1.016331,-0.180371,-6.808943,-1.930466,0.703642,-0.049208,6.975554,1.463447,-0.877969,-0.084156,-7.645175,0.208290,-0.083841,-1.337922,-0.493789,-0.051531,-0.054520,-0.392648,-0.084622,0.069040,-0.110171
340,5.800000,-2.827602,4.305845,-2.566502,-1.051535,-20.982601,-5.993356,0.548281,10.403917,-1.110935,1.317863,-8.376416,-2.613650,0.549585,-0.083395,6.628469,1.819151,-0.851398,-0.068392,-7.984967,0.335935,-0.083971,-1.619644,-0.475175,-0.038929,-0.043214,-0.434396,-0.081555,0.112279,-0.111927
341,5.820000,-0.696424,0.745003,-2.857053,-0.963986,-20.789518,-5.904022,0.500740,9.407973,-0.476475,2.127749,-10.605269,-2.844532,0.367590,-0.153486,6.024475,1.828772,-0.906004,-0.059587,-7.978902,0.353888,-0.162456,-1.717793,-0.537523,-0.017757,-0.018495,-0.433402,-0.106024,0.118658,-0.101839
342,5.840000,0.501761,-2.269464,-2.792271,-1.645751,-20.343143,-6.255354,0.792019,8.567371,0.641129,2.821197,-12.966585,-2.547294,0.287247,-0.210279,5.736539,1.862570,-0.968356,-0.066714,-7.948515,0.348296,-0.216915,-1.547189,-0.666336,-0.021625,-0.008085,-0.382673,-0.144825,0.099871,-0.105221
343,5.860000,1.332053,-5.089199,-2.138271,-2.834607,-19.848644,-6.911788,1.401962,7.084111,1.986641,3.555974,-14.978155,-1.931924,0.100713,-0.239705,6.203495,1.903728,-1.030397,-0.078899,-7.930204,0.337575,-0.226401,-1.272599,-0.805730,-0.027164,-0.017058,-0.328140,-0.177725,0.076836,-0.087280
344,5.880000,2.539776,-8.076355,-1.243232,-3.579629,-19.918844,-7.429121,1.661332,5.458590,3.174708,4.371950,-16.515985,-1.151563,-0.199525,-0.243690,7.620557,1.997192,-1.173716,-0.071233,-7.721797,0.292271,-0.238156,-1.011023,-0.935336,-0.017413,-0.026294,-0.264685,-0.203994,0.066798,-0.043265
345,5.900000,3.898614,-10.667220,-0.869081,-2.436151,-21.063915,-7.339354,1.072092,4.100388,3.899065,4.886769,-16.584484,-0.742208,-0.363674,-0.257171,9.650638,2.272826,-1.339395,-0.044905,-6.821664,0.310408,-0.256336,-0.846116,-1.011326,-0.004617,-0.058348,-0.202132,-0.213768,0.083088,-0.034538
346,5.920000,4.732614,-11.511486,-0.841486,-0.879607,-22.819212,-6.506581,0.443289,3.818000,3.955301,5.853438,-15.007059,-0.528542,-0.102831,-0.256299,12.054469,2.483099,-1.532320,-0.034216,-5.574463,0.344314,-0.323272,-0.706097,-0.826863,0.014390,-0.068832,-0.173902,-0.191939,0.081576,-0.020396
347,5.940000,4.327997,-9.890889,-1.392943,0.632218,-23.544018,-5.234683,-0.164076,4.389554,3.414526,5.800598,-11.554747,-0.256169,0.882348,-0.254488,14.574925,2.443151,-1.630569,-0.036946,-3.849924,0.376684,-0.376820,-0.586023,-0.339892,0.036638,-0.066315,-0.170391,-0.101871,0.056882,-0.017045
348,5.960000,3.777335,-7.008286,-3.518497,5.737876,-20.110756,-2.193210,-2.332074,3.437365,2.201012,-9.910894,-4.597574,-0.249269,2.720868,-7.704226,17.615120,2.018198,-2.102585,-2.033397,-1.137164,0.341996,-0.505432,-0.572244,0.322985,0.047245,-0.041518,-0.144998,0.063532,0.023212,-0.052000
349,5.980000,6.347898,-5.723958,-5.738523,15.868544,-9.674640,4.925023,-10.401198,0.963369,1.709244,-24.155684,5.794037,-0.401998,6.164059,-13.610913,21.163080,1.376125,-3.399910,-0.154325,1.303977,0.181859,-0.728932,-1.057345,1.190448,0.069775,0.025913,-0.254689,0.208289,0.042029,-0.124720
350,6.000000,12.010815,-8.381145,-3.242838,20.706684,-5.031297,8.618552,-15.161291,0.550731,1.095345,-21.012331,3.733812,3.293632,7.049632,-6.366650,17.424274,1.553749,-3.496242,2.520254,2.380296,0.329372,-0.539421,-0.214804,1.455622,0.025332,0.059760,-0.225632,0.247104,0.148272,-0.220425
351,6.020000,10.992503,-9.339059,1.183067,21.075829,-4.706075,7.924528,-17.983679,0.663901,2.032584,-15.205248,-1.582268,4.600634,4.220872,-2.940451,7.446795,0.564238,-2.081827,3.627650,0.466578,0.092034,-0.338282,0.814552,1.100317,0.032147,0.181324,0.173620,0.408350,0.001087,0.005185
352,6.040000,9.803901,-9.707029,4.270567,21.052912,-2.205720,8.856861,-19.864754,0.768223,2.372194,-14.197169,-3.813416,4.554098,1.439410,1.086460,-0.603911,-0.457523,-0.131309,4.433980,-0.179984,-0.071539,0.114952,1.190596,0.212677,-0.079263,0.100064,0.361414,0.238112,-0.098827,0.181016
353,6.060000,8.851550,-9.855724,4.471627,22.104677,-2.252346,9.728260,-18.805254,0.906542,2.861712,-14.016499,-4.556849,4.711488,0.466810,3.258956,-0.463074,0.005762,1.019103,4.868553,-0.098512,0.192579,0.442305,1.009978,-0.313416,-0.123941,-0.037114,0.288891,-0.004514,-0.043765,0.214030
354,6.080000,7.793832,-11.571308,1.391225,23.078424,-4.228058,9.399280,-14.112627,2.129164,4.090369,-13.015208,-6.871639,3.035344,0.453757,4.980267,-0.453327,1.875348,-0.303261,4.657187,-0.081030,0.589127,0.127313,0.295667,-0.550402,-0.097534,-0.147228,0.071825,-0.191578,0.053836,0.060882
355,6.100000,7.868866,-11.708115,1.474777,22.694693,-3.402028,8.764093,-14.040564,1.600403,3.471284,-12.808392,-5.397536,1.204710,-0.066973,4.724127,-0.444809,2.789598,-1.435894,5.512412,-0.042874,0.649797,-0.120309,-0.452656,-0.462054,-0.021696,-0.148989,-0.052164,-0.065030,0.113228,-0.117678
356,6.120000,7.838250,-10.618522,1.385711,20.596687,-0.476349,7.723237,-14.077572,0.156295,2.008326,-13.490643,-2.646740,-0.099642,-0.324899,2.659405,-0.325382,2.294488,-1.911367,6.665355,0.000110,0.466827,-0.243684,-0.921525,-0.431286,0.023391,-0.049563,-0.164733,-0.050797,0.169649,-0.151562
357,6.140000,3.469357,-6.572133,0.621528,18.640501,1.764678,6.461862,-10.911246,-0.858305,1.641097,-14.539899,-0.155322,-0.977750,-0.903553,1.366961,-0.241806,1.254473,-2.082748,6.959916,0.032631,0.269854,-0.400113,-1.051199,-0.728355,0.027071,0.025452,-0.228602,-0.184486,0.107539,-0.120414
358,6.160000,-2.828379,-1.555047,1.078325,17.582611,3.262746,5.378509,-8.280271,-1.641366,2.070542,-16.564697,1.990070,-1.491157,-1.768132,1.227278,-0.205833,0.307469,-2.422386,7.086762,0.024170,0.063740,-0.538743,-1.140107,-1.132916,0.002842,-0.002575,-0.265188,-0.299108,0.002333,-0.101974
359,6.180000,-8.223804,2.328398,1.454851,18.051235,3.447932,4.816430,-6.669036,-1.681330,2.593797,-19.229881,3.188063,-1.937344,-2.407917,2.150605,-0.188100,-0.253348,-3.172821,6.979101,-0.025548,-0.086339,-0.685215,-1.333088,-1.535002,-0.026012,-0.052016,-0.340329,-0.436194,-0.005787,-0.128609
360,6.200000,-12.592552,5.152971,1.533741,19.575247,3.450254,4.495822,-5.362960,-1.684153,3.160255,-21.119932,4.458013,-2.392940,-2.854338,4.128635,-0.126786,-0.229668,-3.826990,7.050789,-0.047173,-0.110668,-0.819580,-1.579706,-1.839102,-0.017644,-0.042655,-0.433658,-0.527268,0.002665,-0.166449
361,6.220000,-16.846836,7.944691,2.013260,20.418983,4.045435,4.026706,-4.274716,-2.051887,3.886721,-21.911444,5.886081,-2.520293,-3.174949,6.942397,-0.068981,0.111433,-4.215952,6.939020,-0.034130,-0.056305,-0.905144,-1.692103,-1.978265,0.000889,-0.002274,-0.455623,-0.523070,0.009393,-0.183645
362,6.240000,-19.886156,10.631927,2.715681,20.926048,4.454102,3.597229,-3.520652,-2.204022,4.286683,-21.041126,7.495631,-1.781550,-2.970252,10.341348,-0.002592,0.510628,-4.354500,6.580986,-0.020015,0.012398,-0.945597,-1.447774,-1.833562,0.006241,0.037674,-0.358121,-0.430612,-0.005896,-0.177200
363,6.260000,-20.355900,11.474142,3.103658,21.404606,4.098733,3.596796,-3.426805,-1.906258,4.590274,-18.530022,8.269867,-0.478418,-2.032822,13.765495,0.056343,0.796240,-4.174784,6.102371,-0.014399,0.072631,-0.914133,-0.936207,-1.415336,0.008046,0.045010,-0.204083,-0.301755,-0.011795,-0.159663
364,6.280000,-18.452574,9.790522,3.058201,21.458933,3.182654,3.564801,-3.420789,-1.367008,5.162035,-14.614990,7.556732,0.905072,-0.749976,16.534439,0.029503,0.729398,-3.658714,4.868696,-0.006438,0.065992,-0.794157,-0.332404,-0.833558,0.008226,0.034663,-0.052052,-0.156444,-0.021718,-0.124804
365,6.300000,-13.808524,5.433763,2.276136,20.831221,2.057170,3.702432,-3.507869,-0.788706,5.890903,-9.775113,6.003448,2.077745,0.917614,17.777803,0.002889,0.439956,-2.672942,2.948286,0.017772,0.026900,-0.555210,0.239505,-0.076398,-0.011435,0.037646,0.081643,0.038616,-0.036149,-0.078567
366,6.320000,-6.882970,-0.281735,1.425728,19.553097,-0.415231,3.946286,-3.928373,0.357802,5.959479,-4.389829,3.712713,3.192190,2.455539,17.346680,-0.088460,0.205577,-1.333003,0.048145,0.047724,-0.026729,-0.213316,0.819351,0.561306,-0.016684,0.038663,0.218099,0.212104,-0.066342,-0.001874
367,6.340000,-0.274281,-3.011769,3.375929,12.626843,-9.302198,-1.479295,-2.820966,2.398437,4.470038,3.034293,-15.639763,5.423647,2.747045,18.575514,-11.145058,1.376240,0.544466,-3.062306,5.384734,0.221226,0.294483,1.303719,0.501357,-0.017082,0.045018,0.355455,0.151921,-0.036991,0.170595
368,6.360000,0.543164,-0.665933,2.127984,0.796561,-16.970894,-5.909762,0.152689,9.030810,3.374023,7.113807,-31.241503,6.097357,2.150014,21.509533,-11.040632,3.296515,1.354072,-4.869883,0.582713,0.545535,0.348922,1.343205,-0.346800,0.033609,-0.042744,0.376580,-0.075801,0.136017,0.228116
369,6.380000,1.031832,-0.578635,0.933878,0.216818,-19.068825,-4.561397,0.338757,10.781887,1.784554,4.416670,-28.600092,4.123325,3.270618,18.949930,-11.998525,4.032873,0.078519,-4.306418,-2.312413,0.884772,0.114046,0.605598,-0.216007,-0.026061,0.021766,0.153771,-0.207116,0.153708,0.009329
370,6.400000,3.502573,-0.612297,0.469476,2.598934,-20.504959,-3.134585,0.443663,11.676148,-0.133743,5.157608,-24.617268,2.877200,4.012059,13.397224,-12.256569,4.196894,-1.149110,-2.657275,-3.849358,1.124928,-0.071784,0.142527,0.321350,-0.085023,-0.016890,-0.025271,-0.078475,0.137065,-0.115905
371,6.420000,2.975847,-0.937107,-0.555141,4.220575,-21.514870,-3.429367,-0.638048,13.701977,0.156762,3.450006,-21.049774,1.784244,3.569485,5.253494,-10.856402,3.741808,-1.239648,-0.930139,-4.673852,1.029207,-0.160519,-0.062357,0.737794,0.026817,-0.046450,-0.036608,0.101271,0.118898,-0.084253
372,6.440000,-1.898878,1.035012,-1.501005,4.376649,-25.506092,-3.748125,-1.686123,15.999221,2.467963,-1.547983,-16.598602,1.318226,2.984945,-0.672823,-6.650659,3.047043,-0.652119,0.296199,-5.896153,0.794715,-0.038533,0.195422,0.894931,0.064568,-0.012692,0.130763,0.186346,0.030364,0.011799
373,6.460000,-5.110229,4.978701,-2.525946,2.227349,-24.071642,-4.408982,-0.939139,14.640316,1.827699,-3.935450,-12.167312,0.441543,2.757211,-0.250340,-2.845294,1.810414,-0.818003,0.111965,-6.546666,0.338386,-0.336615,0.053175,0.519784,0.181460,0.169095,0.112221,0.088664,0.026109,0.060781
374,6.480000,-8.979016,8.903693,-1.912375,0.318091,-21.038971,-5.322089,-0.347677,12.686021,1.154591,-5.747479,-8.250732,-0.328587,1.790032,-0.170596,1.640559,0.727890,-1.008649,-0.046108,-6.905178,0.102923,-0.445883,-0.510057,-0.041243,0.112946,0.126890,-0.054373,-0.042717,0.037633,0.021843
375,6.500000,-9.279196,9.621100,-1.857358,-0.029638,-19.623573,-6.258798,-0.073697,11.959994,0.407776,-4.553218,-6.950929,-0.929866,0.963184,-0.141001,5.185273,0.404968,-0.937507,-0.095829,-7.369437,-0.053092,-0.319236,-0.934890,-0.412983,-0.003919,0.051946,-0.233185,-0.122743,0.055976,-0.031209
376,6.520000,-7.330556,8.625955,-2.459392,-0.514626,-19.932709,-6.507617,0.209041,12.286366,-0.464551,-1.846360,-6.790660,-1.521298,0.640090,-0.073856,6.927161,0.803218,-0.882693,-0.105220,-7.911714,0.004545,-0.154963,-1.157648,-0.583450,-0.055021,-0.006460,-0.320028,-0.142576,0.054811,-0.064714
377,6.540000,-4.463945,6.709544,-2.444893,-0.865471,-20.717482,-6.312894,0.358357,11.029375,-1.332021,0.355394,-6.920008,-2.292041,0.728485,-0.052131,7.300645,1.460650,-0.810968,-0.082922,-7.915267,0.219938,-0.051501,-1.477464,-0.491853,-0.052594,-0.059421,-0.430963,-0.088138,0.076091,-0.111962
378,6.560000,-1.913352,3.338798,-2.807512,-0.826955,-21.292503,-5.974412,0.428092,10.135777,-1.219124,1.694461,-8.867803,-2.887045,0.544598,-0.097998,6.843837,1.760273,-0.835037,-0.066773,-7.916439,0.330233,-0.081818,-1.728792,-0.482924,-0.034481,-0.036517,-0.454490,-0.088969,0.118386,-0.104489
379,6.580000,0.040920,-0.203905,-3.094897,-1.066182,-20.901484,-5.911484,0.548285,9.237406,-0.421184,2.534279,-11.214003,-2.961632,0.371333,-0.164311,6.254220,1.790321,-0.911135,-0.060440,-8.061872,0.339951,-0.172644,-1.742791,-0.564748,-0.019248,-0.011701,-0.428487,-0.116561,0.115867,-0.101171
380,6.600000,1.018550,-3.094742,-2.835725,-2.063449,-20.247192,-6.378553,1.002552,8.208968,0.826949,3.214139,-13.527876,-2.513755,0.273564,-0.212748,6.154050,1.873846,-0.994072,-0.070407,-8.009487,0.346324,-0.223927,-1.518916,-0.700028,-0.025225,-0.010134,-0.377015,-0.152692,0.095422,-0.103185
381,6.620000,1.947692,-6.015230,-1.981016,-3.322300,-19.723883,-7.103622,1.610179,6.483633,2.185440,3.965605,-15.441442,-1.801057,0.022492,-0.235533,6.908040,1.951690,-1.089602,-0.080870,-7.907730,0.332043,-0.236055,-1.237552,-0.843929,-0.025249,-0.019456,-0.324357,-0.181426,0.072355,-0.074392
382,6.640000,3.174420,-8.864668,-1.118912,-3.502176,-20.027933,-7.507824,1.587391,4.762087,3.243346,4.626629,-16.541231,-1.056157,-0.252312,-0.245189,8.532423,2.107327,-1.266449,-0.065676,-7.486014,0.292241,-0.253239,-0.987829,-0.961178,-0.012612,-0.037909,-0.254249,-0.203297,0.073714,-0.036843
383,6.660000,4.450018,-10.941568,-0.905529,-1.817698,-21.419790,-7.169719,0.796230,3.830581,3.677934,5.290439,-15.953507,-0.747432,-0.339121,-0.255271,10.654875,2.414305,-1.438719,-0.040407,-6.262064,0.329146,-0.277160,-0.828382,-0.993881,0.001198,-0.068008,-0.194903,-0.211917,0.090505,-0.034006
384,6.680000,4.704878,-10.642369,-1.114060,-0.440145,-22.777935,-6.091754,0.264505,4.037699,3.500541,5.996835,-13.526711,-0.475635,0.280104,-0.256229,13.120486,2.494330,-1.620302,-0.034791,-4.911343,0.340858,-0.364570,-0.667177,-0.628280,0.023658,-0.069836,-0.175817,-0.159281,0.071271,-0.011015
385,6.700000,4.127506,-8.452344,-1.734424,1.305186,-22.688032,-4.904310,-0.396108,4.456570,2.775871,5.630191,-9.463948,-0.143334,1.444949,-0.236289,15.788982,2.343066,-1.701831,-0.036983,-2.892654,0.390592,-0.405148,-0.539602,-0.083909,0.036939,-0.053236,-0.161015,-0.033998,0.043448,-0.030244
386,6.720000,4.251003,-5.690460,-4.559022,10.970091,-14.969543,1.755016,-6.522870,2.335894,1.791006,-17.978800,1.448533,-0.567757,4.252159,-12.690662,19.977367,1.523547,-2.891578,-0.598464,-0.972156,0.207617,-0.669465,-0.793715,0.713640,0.066391,-0.016243,-0.175858,0.138153,0.002956,-0.068053
387,6.740000,10.348676,-7.596498,-5.450861,18.888887,-5.221407,8.580866,-12.132098,0.882381,1.127109,-26.184742,5.472121,1.073539,6.837049,-8.388798,20.852180,1.303964,-3.780646,0.619604,1.254006,0.226347,-0.685150,-0.850610,1.230421,0.034051,0.047482,-0.278083,0.175349,0.107530,-0.201207
388,6.760000,12.069151,-9.244202,-1.280866,20.893974,-4.316006,8.317623,-16.864920,0.354688,1.702749,-18.502466,1.481138,4.115588,6.240940,-5.382705,12.793718,1.222159,-3.058984,2.290676,1.969060,0.264445,-0.501884,0.212780,1.449529,0.033102,0.099764,-0.097231,0.362380,0.088446,-0.149507
389,6.780000,10.064323,-9.279280,3.052972,20.345705,-3.157153,8.236506,-18.726320,0.795785,2.273448,-14.318393,-2.943460,4.477546,2.673362,-1.056622,1.942413,-0.001843,-1.271987,3.290002,-0.139816,-0.021917,-0.165243,1.015606,0.703983,0.013553,0.173934,0.293140,0.346365,-0.039236,0.091115
390,6.800000,9.840185,-9.328936,5.644958,21.347776,-1.548619,9.633810,-21.195873,0.527615,2.171135,-14.732529,-3.387426,5.218376,0.818917,2.852979,-0.662199,-0.508817,0.534841,4.457188,-0.137263,0.009768,0.308503,1.305971,-0.036123,-0.102373,0.036776,0.389328,0.141045,-0.090348,0.208360
391,6.820000,8.562786,-10.111040,3.742881,21.836264,-2.906071,9.795995,-17.272264,1.314562,2.943861,-13.909008,-5.341594,4.548954,0.004229,4.482632,-0.380198,0.770128,0.563133,4.421245,-0.088209,0.355193,0.350609,0.898655,-0.586850,-0.110749,-0.081444,0.231949,-0.142469,-0.000576,0.173850
392,6.840000,7.699424,-11.425812,1.183342,23.641090,-4.431088,9.390917,-13.930618,2.200093,3.751393,-13.771256,-6.518819,2.428284,0.157852,5.217649,-0.453457,2.492626,-1.068863,5.006074,-0.070703,0.665855,-0.048184,0.068914,-0.637636,-0.086338,-0.179569,0.044553,-0.187411,0.072873,-0.030147
393,6.860000,7.538616,-10.969218,1.967503,21.948704,-2.701039,8.473803,-14.545179,1.205454,2.837996,-13.798068,-4.331553,0.710623,-0.451028,3.673790,-0.389289,2.798200,-1.750798,6.103915,-0.035268,0.601553,-0.205425,-0.641492,-0.556858,0.007984,-0.107219,-0.091950,-0.066437,0.135524,-0.152132
394,6.880000,5.618838,-8.522275,1.370838,20.079130,0.137781,7.107410,-13.283669,-0.090972,1.750329,-15.155815,-1.527195,-0.423006,-0.697818,1.649482,-0.260557,1.841067,-1.794433,7.030203,0.007625,0.371411,-0.237715,-0.976368,-0.589780,0.023792,-0.005934,-0.193259,-0.117903,0.170688,-0.142268
395,6.900000,0.541306,-4.230348,0.721922,18.526241,2.197006,5.951731,-9.946041,-1.062910,1.837827,-16.480669,0.965144,-1.143495,-1.291980,0.689872,-0.197594,0.766608,-1.948594,7.187740,0.030170,0.174886,-0.400363,-1.066145,-0.928681,0.023754,0.025208,-0.247708,-0.255501,0.054992,-0.099256
396,6.920000,-5.515368,0.344397,1.339366,17.878845,3.255773,5.024652,-7.830360,-1.617801,2.428111,-18.812878,2.625492,-1.563268,-2.046095,1.072595,-0.180745,-0.017342,-2.694817,7.101014,0.004549,-0.015657,-0.594512,-1.173896,-1.309208,-0.005612,-0.026710,-0.292049,-0.356164,-0.014807,-0.104367
397,6.940000,-10.514842,3.778638,1.572285,18.677961,3.494994,4.478512,-6.223028,-1.707930,2.998834,-21.172134,3.741185,-1.939303,-2.591417,2.553549,-0.154120,-0.313861,-3.588331,7.034418,-0.037085,-0.113246,-0.781949,-1.367152,-1.654631,-0.021288,-0.054804,-0.359404,-0.469267,-0.011015,-0.148966
398,6.960000,-14.901543,6.477014,1.683688,19.781225,3.997444,4.097829,-4.915337,-1.981700,3.815326,-22.737354,5.084922,-2.257762,-2.821833,5.070081,-0.092540,-0.121784,-4.183788,6.908145,-0.038777,-0.099057,-0.909577,-1.545044,-1.841430,-0.009171,-0.030721,-0.416763,-0.506486,0.004294,-0.186091
399,6.980000,-18.584368,9.008658,2.228650,20.060923,4.848958,3.674608,-3.859526,-2.390230,4.583698,-22.698093,6.455271,-1.966386,-2.806042,8.268509,-0.053250,0.248265,-4.432260,6.594370,-0.017202,-0.040257,-0.966328,-1.477773,-1.806664,0.001041,0.018163,-0.375659,-0.445052,-0.000516,-0.196858
400,7.000000,-19.817589,10.548923,2.607475,20.744522,4.738275,3.538792,-3.476821,-2.250740,4.763340,-20.712341,7.859500,-0.956773,-2.101934,11.689057,0.008781,0.633120,-4.401263,6.057256,-0.005476,0.039515,-0.954764,-1.101140,-1.468931,-0.000315,0.048193,-0.250730,-0.330622,-0.005930,-0.175823
401,7.020000,-18.489189,9.913384,2.686525,21.193541,3.765545,3.677501,-3.605478,-1.660779,4.898961,-17.094845,7.830892,0.248678,-0.955793,14.855453,0.019186,0.739106,-4.048544,5.154071,-0.001535,0.066796,-0.874569,-0.599307,-0.963557,0.003258,0.042404,-0.121422,-0.193602,-0.017957,-0.141779
402,7.040000,-14.762218,6.693615,2.235894,20.984079,2.674865,3.850905,-3.766124,-1.083859,5.341475,-12.442170,6.655100,1.436056,0.474694,17.016985,0.004744,0.573186,-3.184650,3.660177,0.012343,0.051792,-0.676146,-0.067776,-0.294263,-0.002720,0.040972,-0.000459,-0.015597,-0.036373,-0.091252
403,7.060000,-8.649639,1.403487,1.363502,19.956993,0.479598,4.070570,-4.031081,-0.017062,5.599413,-7.056938,4.489093,2.447554,1.918129,17.245790,-0.067730,0.357122,-1.867939,1.023368,0.032689,0.001647,-0.356983,0.465748,0.326144,-0.012213,0.041674,0.129163,0.163185,-0.062305,-0.026163
404,7.080000,-1.269123,-2.743850,3.000693,14.089534,-7.168330,-0.236669,-3.226570,1.197890,4.695503,0.632930,-12.596505,4.652408,2.212128,17.436317,-10.070910,1.118119,0.061101,-2.110192,5.313538,0.149293,0.165943,1.018077,0.389224,-0.018829,0.056529,0.274588,0.156129,-0.059297,0.124875
405,7.100000,0.570002,-2.231335,2.936947,3.165103,-14.063816,-3.268174,-0.142930,7.368249,3.606570,6.615868,-25.463703,5.678954,1.729373,20.874489,-16.927061,2.748234,1.209970,-4.739021,0.986550,0.486202,0.340413,1.361752,-0.259123,0.021438,-0.039369,0.361973,-0.048728,0.121977,0.219982
406,7.120000,0.739808,-0.593997,0.734239,-0.041334,-18.340553,-4.642159,0.355391,10.030890,2.006743,4.291883,-28.399035,3.949567,3.060587,19.947567,-10.811891,3.776340,0.390701,-4.582788,-2.629196,0.766238,0.163856,0.595688,-0.231989,-0.008434,0.032673,0.175454,-0.183018,0.157018,0.058250
407,7.140000,2.801542,-0.793749,0.595153,1.995328,-17.755419,-3.006755,0.484707,10.674667,0.326177,4.899176,-24.697090,2.887894,3.574401,15.470978,-11.022800,4.060642,-0.680459,-3.212238,-4.135188,1.065023,0.051662,0.120385,0.108670,-0.099975,-0.027403,-0.038447,-0.133717,0.127834,-0.071060
408,7.160000,3.526845,-1.155173,-0.689554,3.191258,-18.606983,-3.312791,-0.104859,12.041656,-0.266564,3.821984,-21.811449,1.840234,3.433795,8.966049,-10.353021,3.634159,-1.256206,-1.573154,-5.095524,0.976072,-0.167010,-0.121717,0.507852,0.024671,-0.030299,-0.061914,0.011196,0.129178,-0.090946
409,7.180000,-1.223460,0.658936,-1.457168,3.721478,-22.942099,-4.127079,-1.506672,15.042620,1.944853,-0.864120,-17.335972,1.305151,2.890611,-0.539109,-6.917758,3.137084,-0.774113,0.279453,-6.023158,0.810881,-0.023774,0.084939,0.783176,0.036977,-0.044610,0.086398,0.146547,0.047751,-0.012773
410,7.200000,-4.707788,3.819574,-2.572356,2.037693,-23.185467,-4.601451,-0.890002,14.851767,2.394289,-3.256473,-13.031500,0.632684,2.963656,-0.521778,-3.095976,2.120816,-0.795834,0.161260,-6.648003,0.430601,-0.279926,0.152583,0.668373,0.151913,0.130808,0.121885,0.138244,0.019989,0.034733
411,7.220000,-8.870334,8.288764,-1.977883,-0.057184,-21.018200,-5.378182,-0.041034,12.966435,1.836811,-5.257440,-9.019849,-0.014175,2.338207,-0.166264,1.456134,0.999620,-1.039190,-0.045323,-7.157065,0.182293,-0.480226,-0.295374,0.213951,0.142242,0.140746,-0.002557,0.023324,0.033408,0.028515
412,7.240000,-10.178240,9.766625,-1.834574,-0.268132,-19.315224,-6.290837,0.061905,12.117773,1.193394,-5.144744,-6.991458,-0.565164,1.405224,-0.137656,5.546134,0.400137,-0.955249,-0.100266,-7.480180,-0.042113,-0.369586,-0.748848,-0.214077,0.026815,0.082153,-0.168442,-0.072331,0.044650,-0.005059
413,7.260000,-8.835932,9.320495,-2.238744,-0.524700,-19.142996,-6.737821,0.254821,12.291933,0.280272,-2.829170,-6.593203,-1.089065,0.932436,-0.102163,7.558917,0.517555,-0.821204,-0.112077,-7.989163,-0.055523,-0.175614,-0.976361,-0.454745,-0.044652,0.010385,-0.263840,-0.115212,0.048481,-0.047895
414,7.280000,-5.966632,7.507778,-2.253164,-0.649500,-19.855726,-6.632381,0.193798,11.346232,-0.644781,-0.396907,-6.552140,-1.714624,0.924317,-0.072787,7.993829,1.234827,-0.791729,-0.087179,-8.010046,0.155172,-0.054431,-1.267047,-0.420304,-0.056600,-0.048872,-0.369484,-0.073738,0.069199,-0.095234
415,7.300000,-3.133702,4.354283,-2.456270,-0.810748,-20.991156,-6.134955,0.396222,10.294315,-0.843601,1.345307,-8.183689,-2.283138,0.697508,-0.088569,7.651910,1.761057,-0.875014,-0.070169,-8.027453,0.310642,-0.077988,-1.488905,-0.437424,-0.041380,-0.040424,-0.390012,-0.072929,0.102257,-0.104234
416,7.320000,-0.764628,0.637857,-2.744967,-1.040382,-21.123034,-5.854154,0.566527,9.350505,-0.294286,2.421375,-10.550410,-2.468384,0.362590,-0.147426,7.107451,1.906874,-0.970415,-0.060895,-8.005963,0.354458,-0.174587,-1.543396,-0.565052,-0.018977,-0.019664,-0.375062,-0.115733,0.113180,-0.102987
417,7.340000,0.514725,-2.507173,-2.453198,-1.955587,-20.761795,-6.131166,0.995445,8.156769,0.800378,3.170841,-12.886092,-2.214302,0.058001,-0.204787,6.933404,2.025868,-0.987358,-0.068170,-7.940975,0.385094,-0.223853,-1.395008,-0.761427,-0.020789,-0.016175,-0.338178,-0.169794,0.102228,-0.109832
418,7.360000,1.682865,-5.586051,-1.636453,-2.998464,-20.375404,-6.798756,1.439645,6.374719,2.004325,3.902639,-14.781398,-1.707134,-0.284189,-0.240740,7.698233,2.096869,-1.031607,-0.076249,-7.725912,0.375344,-0.228173,-1.203697,-0.953667,-0.018480,-0.024057,-0.309734,-0.213406,0.078858,-0.081866
419,7.380000,3.239404,-8.643822,-1.126322,-2.762901,-20.713762,-7.128914,1.219490,4.834809,2.873256,4.588058,-15.699742,-1.301705,-0.504621,-0.260474,9.263670,2.267835,-1.154529,-0.062409,-7.023076,0.349828,-0.228684,-1.070597,-1.080928,-0.008150,-0.045909,-0.270575,-0.238616,0.083341,-0.049101
420,7.400000,4.520540,-10.429608,-1.052557,-1.301783,-21.893263,-6.806019,0.569526,4.051295,3.147599,5.443701,-14.915184,-1.135379,-0.422648,-0.265338,11.387642,2.504813,-1.333998,-0.043167,-5.745625,0.357334,-0.265179,-0.969571,-1.015004,0.003522,-0.065731,-0.237823,-0.231533,0.095290,-0.029299
421,7.420000,4.392451,-9.464806,-1.373954,-0.140663,-22.543673,-5.760483,0.138170,4.370826,2.818092,5.820541,-12.047096,-0.858639,0.364442,-0.267527,13.804073,2.503668,-1.541008,-0.040467,-4.123659,0.352947,-0.349487,-0.820702,-0.571666,0.024582,-0.064005,-0.218475,-0.150462,0.077658,-0.009858
422,7.440000,4.136640,-7.178507,-2.645440,2.948725,-20.527571,-3.397709,-1.601361,4.059313,1.775069,-5.668947,-6.774429,-0.612098,1.847173,-5.890940,16.618513,2.113394,-1.957992,-2.299462,-1.828288,0.333632,-0.465448,-0.725250,0.005600,0.040087,-0.042573,-0.188066,-0.002171,0.043650,-0.037970
423,7.460000,4.898167,-5.339902,-5.494307,13.967441,-10.983109,3.182436,-8.741093,1.545525,1.705228,-21.588465,4.653690,-0.959577,5.137857,-15.113894,20.653822,1.304070,-3.312870,0.426106,0.025976,0.131527,-0.749638,-1.107037,0.931692,0.072733,0.007017,-0.256786,0.164117,0.016990,-0.096297
424,7.480000,11.326623,-7.665479,-3.669179,19.853621,-4.977456,8.297415,-14.356813,0.829894,0.854594,-22.378675,4.681493,2.723925,6.812565,-5.926993,19.373894,1.510996,-3.872457,2.109783,2.992978,0.327106,-0.648397,-0.446264,1.264397,0.026401,0.038416,-0.265128,0.180344,0.140347,-0.240347
425,7.500000,11.073711,-9.210958,0.294305,20.331631,-4.937202,7.572445,-17.297541,0.584911,1.948206,-16.284443,-0.554749,4.567461,4.823116,-3.289314,10.354635,0.793884,-2.625690,3.509699,0.626504,0.122588,-0.459778,0.666752,1.209031,0.032765,0.154359,0.087642,0.397915,0.018648,-0.053134
426,7.520000,9.240933,-9.391010,3.806117,20.590288,-2.340010,8.439736,-19.208252,0.795747,2.585410,-14.493760,-3.453138,4.430141,1.731124,0.821397,-0.644185,-0.415475,-0.545956,4.235822,-0.095846,-0.098286,0.000514,1.188106,0.359413,-0.068537,0.122426,0.343982,0.278985,-0.098339,0.143315
427,7.540000,8.685218,-9.116873,5.062308,22.153049,-1.385326,9.781564,-19.671549,0.477176,2.681402,-14.678122,-3.653284,4.995158,0.606805,4.162936,-0.547564,-0.291159,1.017584,5.064468,-0.097535,0.097178,0.441610,1.181775,-0.213846,-0.121626,-0.007433,0.337242,0.054642,-0.072215,0.220259
428,7.560000,7.530951,-10.722556,1.748427,22.624622,-3.436602,9.668072,-14.222280,1.696345,3.792824,-13.544432,-6.544511,3.406037,0.518444,5.958549,-0.412476,1.629068,-0.114371,4.566568,-0.086708,0.548718,0.190728,0.449033,-0.556309,-0.096833,-0.118562,0.099474,-0.200796,0.042561,0.109743
429,7.580000,6.975575,-11.226372,0.933793,23.261984,-3.845483,9.058514,-13.125186,1.810102,3.868030,-13.212631,-5.776053,1.351973,0.287110,6.400647,-0.429648,2.917691,-1.483365,5.193810,-0.061598,0.727878,-0.124214,-0.367884,-0.425606,-0.022558,-0.175803,-0.028776,-0.085221,0.112563,-0.111204
430,7.600000,7.003201,-10.380835,1.817059,20.726437,-1.233758,8.019498,-13.897534,0.468856,2.599838,-13.398873,-3.220560,0.193434,-0.262209,4.514533,-0.325264,2.568651,-1.892228,6.386830,-0.024632,0.540950,-0.224136,-0.855735,-0.365730,0.037809,-0.075614,-0.138112,-0.008662,0.169257,-0.163895
431,7.620000,3.872549,-7.160471,0.632001,19.388680,1.089164,6.662961,-11.308826,-0.482544,1.922071,-14.340636,-0.608538,-0.676965,-0.558727,3.009365,-0.234975,1.383101,-1.882322,7.047812,0.015815,0.289174,-0.309483,-0.997787,-0.548121,0.019569,0.015271,-0.206231,-0.128653,0.136446,-0.124751
432,7.640000,-1.930676,-2.349217,0.598912,18.556665,2.649137,5.600655,-8.378919,-1.290586,2.234778,-15.925393,1.822491,-1.229596,-1.216814,2.918839,-0.190642,0.418145,-2.172243,7.218145,0.024371,0.094996,-0.488231,-1.053786,-0.933794,0.005927,0.013492,-0.248206,-0.252881,0.008043,-0.089779
433,7.660000,-7.758567,1.937675,1.306206,18.462906,3.218612,4.819409,-6.590136,-1.601888,2.828086,-18.412804,3.161931,-1.553990,-1.928251,3.534297,-0.175609,-0.165167,-2.956480,7.151990,-0.012727,-0.060192,-0.658337,-1.185098,-1.315819,-0.020120,-0.035487,-0.304486,-0.361074,-0.019752,-0.105823
434,7.680000,-12.499401,5.000444,1.754942,19.202196,3.496815,4.327732,-5.397301,-1.730243,3.502292,-20.464481,4.316582,-1.793710,-2.538818,4.995399,-0.129335,-0.232292,-3.677640,6.929441,-0.035616,-0.103663,-0.798547,-1.345688,-1.666709,-0.013682,-0.041072,-0.370344,-0.468703,-0.005177,-0.154912
435,7.700000,-16.725769,7.596138,2.200846,19.701164,4.203008,3.859076,-4.242973,-2.079679,4.309503,-21.324444,5.608421,-1.918732,-3.015506,7.624366,-0.080928,0.020382,-4.142535,6.642295,-0.023274,-0.079231,-0.893165,-1.431543,-1.885502,0.002397,-0.013253,-0.384453,-0.497669,0.005227,-0.190350
436,7.720000,-19.662195,10.024707,2.793412,20.006659,4.812486,3.536672,-3.497600,-2.305965,4.703579,-20.712238,7.073666,-1.402775,-2.956208,10.756131,-0.036757,0.381679,-4.388405,6.176874,-0.008866,-0.016153,-0.955418,-1.250777,-1.821319,0.001118,0.028122,-0.301116,-0.438113,-0.003033,-0.192099
437,7.740000,-19.775978,10.843520,2.931545,20.907946,4.289819,3.555368,-3.323386,-1.975506,4.649818,-18.178705,8.131171,-0.438229,-2.033748,13.964946,0.021168,0.659588,-4.338643,5.536732,-0.003163,0.040152,-0.943591,-0.869125,-1.430977,-0.001116,0.042176,-0.181197,-0.325703,-0.010647,-0.169340
438,7.760000,-17.399330,9.091438,2.680017,21.168337,3.242050,3.685576,-3.304594,-1.397012,4.877337,-14.206227,7.497484,0.619143,-0.695305,16.653952,0.021173,0.634764,-3.824114,4.422316,0.002315,0.041278,-0.828853,-0.413747,-0.819682,0.001338,0.038212,-0.074512,-0.156295,-0.030048,-0.127329
439,7.780000,-12.501091,4.773866,1.837109,20.451136,1.963639,3.918985,-3.489369,-0.706196,5.299573,-9.309070,5.901936,1.518883,0.899951,17.854292,0.006549,0.416173,-2.698842,2.495727,0.021709,0.014645,-0.561625,0.027350,-0.089921,-0.010575,0.043842,0.017336,0.050225,-0.049250,-0.077227
440,7.800000,-4.947284,-0.325098,2.501647,17.801336,-2.329418,2.380363,-3.564441,-2.187433,4.746404,-3.468667,-4.555427,3.137487,2.027338,17.287556,-5.496629,0.425299,-1.050157,-0.813992,3.768181,-0.006785,-0.129574,0.599579,0.388153,-0.018839,0.050908,0.157439,0.176376,-0.076112,0.027475
441,7.820000,0.654415,-4.329430,3.575572,8.525258,-9.946505,-2.095284,-1.736472,4.052501,4.445879,5.006082,-20.008017,5.487506,1.634653,19.649462,-12.773413,1.751819,0.943056,-3.709857,5.732149,0.295007,0.375411,1.256801,0.025232,-0.010100,0.012674,0.317474,0.014682,0.007235,0.198563
442,7.840000,1.081260,-1.443713,1.384254,-0.587578,-16.575544,-6.313810,0.368897,8.736314,2.825364,6.339768,-31.693598,4.945947,2.016776,21.766085,-10.630249,3.447387,1.087319,-5.019161,-0.935607,0.574033,0.230399,0.921765,-0.581307,0.048954,-0.017109,0.296361,-0.165341,0.164300,0.181471
443,7.860000,1.979051,-0.602679,0.537366,0.259065,-19.731186,-4.039417,0.551839,11.074446,0.977149,4.689351,-26.898672,3.454331,3.818243,17.695637,-11.266586,4.181340,-0.336062,-3.990421,-2.899197,0.990919,0.110690,0.405563,0.018128,-0.092121,0.000830,0.063819,-0.180461,0.136465,-0.025851
444,7.880000,4.106045,-0.923380,0.019461,2.627798,-20.240393,-2.938242,0.453764,12.148366,-0.424849,5.622340,-23.563850,2.532125,4.170401,11.971013,-11.110291,4.166773,-1.278852,-2.329350,-3.990951,1.125491,-0.136059,0.017231,0.492759,-0.046900,-0.016009,-0.054829,-0.007170,0.156533,-0.103980
445,7.900000,1.908821,-1.190546,-0.909907,4.100004,-21.878078,-3.766469,-0.964646,14.274885,1.143565,1.995146,-19.681198,1.896622,3.352993,2.017204,-8.440792,3.599329,-1.005275,-0.068101,-5.119017,0.949541,-0.101025,0.060931,0.783880,0.047569,-0.044699,0.013026,0.128318,0.091265,-0.046969
446,7.920000,-2.713928,1.788706,-2.060897,3.129251,-24.614225,-4.045670,-1.241112,15.226189,2.604211,-2.257875,-14.663467,1.233743,3.137757,-0.782148,-4.194822,2.849935,-0.649054,0.287818,-6.107793,0.676742,-0.116203,0.293441,0.900863,0.089384,0.066941,0.174392,0.191126,0.013160,0.033750
447,7.940000,-6.748396,6.662657,-2.370995,0.783703,-22.343655,-4.772397,-0.279458,13.328756,1.768798,-4.711702,-9.904943,0.375240,2.817245,-0.222145,0.125329,1.519406,-0.823794,0.042448,-6.805687,0.272087,-0.380501,0.017021,0.490805,0.172180,0.170330,0.100007,0.077123,0.034388,0.057707
448,7.960000,-9.770402,9.715533,-1.726755,-0.254493,-19.877146,-5.729010,-0.121036,11.848474,1.155320,-5.868891,-6.566521,-0.200688,1.808211,-0.169621,4.622628,0.532684,-0.931056,-0.084429,-7.094151,0.045191,-0.407898,-0.521806,-0.047181,0.086472,0.107326,-0.084705,-0.044558,0.034905,0.019145
449,7.980000,-9.529619,9.938769,-1.795773,-0.294724,-18.822569,-6.557623,0.053337,11.572539,0.447731,-4.129546,-5.675574,-0.738566,1.033910,-0.133916,7.664742,0.310177,-0.792555,-0.112788,-7.467712,-0.080482,-0.239678,-0.868996,-0.384421,-0.022209,0.029058,-0.224780,-0.113821,0.052488,-0.040290
450,8.000000,-7.239000,8.580614,-2.171035,-0.708323,-19.410267,-6.522983,0.278557,11.472254,-0.377245,-1.375727,-5.514026,-1.340989,0.791005,-0.076944,8.770376,0.899979,-0.785558,-0.109557,-8.038140,0.052242,-0.084901,-1.097689,-0.491555,-0.062999,-0.028811,-0.302550,-0.103532,0.063724,-0.081913
451,8.020000,-4.198636,5.970767,-2.197461,-0.878622,-20.608208,-6.148222,0.395012,10.322019,-0.945623,0.749572,-6.510345,-2.003923,0.763071,-0.061985,8.639729,1.639597,-0.776991,-0.081625,-8.213851,0.275110,-0.035306,-1.372544,-0.431500,-0.049888,-0.058876,-0.386785,-0.064902,0.087656,-0.108062
452,8.040000,-1.484767,2.165417,-2.606434,-0.839433,-21.109190,-5.879873,0.425747,9.384926,-0.648001,1.986233,-8.783424,-2.431119,0.511227,-0.116558,8.016116,1.886781,-0.897745,-0.063162,-8.236767,0.359286,-0.123311,-1.547577,-0.486344,-0.021969,-0.029034,-0.398278,-0.088762,0.115367,-0.099309
453,8.060000,0.260316,-1.248147,-2.714706,-1.492614,-20.711809,-6.039757,0.755531,8.380430,0.223120,2.845027,-11.205768,-2.426295,0.295760,-0.185782,7.513518,1.933772,-0.974821,-0.063684,-8.188178,0.365866,-0.211913,-1.494385,-0.636856,-0.016056,-0.011938,-0.363020,-0.136088,0.106887,-0.111259
454,8.080000,1.376529,-4.303707,-2.105618,-2.733873,-20.176302,-6.656962,1.346104,6.859709,1.396661,3.621919,-13.507300,-2.043192,-0.030573,-0.229333,7.643226,1.992585,-1.002738,-0.076898,-7.977131,0.367606,-0.226935,-1.311229,-0.840563,-0.024247,-0.018266,-0.329688,-0.187033,0.090621,-0.100722
455,8.100000,2.871552,-7.534505,-1.353815,-3.407076,-20.101465,-7.292314,1.560471,5.115444,2.453444,4.464812,-15.168242,-1.537382,-0.349428,-0.247311,8.761400,2.062997,-1.132250,-0.072892,-7.639060,0.322384,-0.237048,-1.158696,-1.009620,-0.014333,-0.033156,-0.299333,-0.221369,0.071012,-0.056086
456,8.120000,4.527630,-10.303717,-1.284540,-1.992625,-20.941767,-7.253928,0.843692,4.006434,3.004154,5.093810,-15.250859,-1.396324,-0.461826,-0.263047,10.524693,2.350434,-1.267325,-0.045167,-6.476803,0.332976,-0.244718,-1.093615,-1.083172,-0.005204,-0.064008,-0.264499,-0.237065,0.091067,-0.040061
457,8.140000,5.020284,-10.459084,-1.400985,-0.720333,-21.999378,-6.458945,0.361868,4.034051,2.911687,5.998728,-13.327448,-1.188434,0.029268,-0.260912,12.822928,2.459039,-1.507408,-0.036569,-5.147657,0.316700,-0.335540,-0.952381,-0.760306,0.012219,-0.068050,-0.244842,-0.186840,0.082855,-0.013717
458,8.160000,4.443605,-8.521670,-1.923442,0.782315,-22.089331,-5.348830,-0.183950,4.488338,2.336447,5.773383,-9.695249,-0.823589,1.108329,-0.245725,15.438576,2.355968,-1.696204,-0.038759,-3.233289,0.363092,-0.400519,-0.802606,-0.230027,0.030866,-0.053685,-0.225475,-0.066182,0.058435,-0.026459
459,8.180000,4.037530,-5.930695,-4.807371,9.705781,-15.537470,0.450742,-5.487850,2.514515,1.475501,-17.167606,0.152458,-1.097454,3.680707,-11.420820,19.351528,1.580181,-2.835368,-0.815431,-1.206585,0.200119,-0.670310,-0.968131,0.539652,0.063139,-0.024929,-0.224921,0.108011,0.008373,-0.064431
460,8.200000,9.479368,-7.089061,-5.637556,18.805094,-5.598427,8.062538,-11.689917,0.456356,1.063425,-26.960440,5.763859,0.390892,6.585051,-8.165611,20.588343,1.192560,-3.962856,0.629853,2.837214,0.165692,-0.758051,-1.056616,1.111780,0.046202,0.037848,-0.313401,0.152470,0.086060,-0.190498
461,8.220000,11.717696,-8.912355,-1.443531,20.904409,-4.572412,8.106728,-16.493925,0.148063,1.645760,-19.039961,1.909589,3.792802,6.362128,-5.163799,13.415946,1.222584,-3.404322,1.875769,2.718382,0.261047,-0.571453,0.057039,1.421064,0.030280,0.077185,-0.168693,0.330343,0.090795,-0.183918
462,8.240000,10.212914,-9.285680,3.068888,20.116220,-3.481997,7.990486,-18.700243,0.700788,2.286357,-14.149649,-2.873314,4.627756,2.933827,-0.721494,2.995947,0.010961,-1.588102,2.706941,-0.065593,-0.014304,-0.221914,1.021034,0.770195,0.016300,0.175092,0.274453,0.357931,-0.033234,0.070032
463,8.260000,9.993585,-9.732080,5.516475,21.088587,-1.637192,9.455764,-20.673462,0.557005,2.417162,-13.958646,-3.752977,5.325387,0.912132,3.553857,-0.661152,-0.580319,0.361237,3.700124,-0.129134,-0.020472,0.268910,1.391390,0.015638,-0.104695,0.052047,0.413352,0.165198,-0.097641,0.206602
464,8.280000,8.902589,-10.469049,3.733469,21.546309,-2.719142,9.950882,-16.922802,1.228184,3.115351,-13.019705,-5.467655,4.770728,0.138531,5.663563,-0.408658,0.680118,0.583869,3.764644,-0.080667,0.329684,0.348146,1.028906,-0.516400,-0.122692,-0.069758,0.270591,-0.106850,-0.016778,0.182299
465,8.300000,7.993472,-11.757799,0.931481,23.460476,-4.439234,9.661418,-13.538396,2.215365,3.932460,-12.841301,-6.664651,2.613005,0.488394,6.583418,-0.469777,2.518472,-1.042384,4.366522,-0.066800,0.687301,-0.042851,0.173854,-0.519750,-0.089851,-0.177268,0.073247,-0.163139,0.067003,-0.022606
466,8.320000,7.483233,-11.019584,1.838692,22.098595,-2.882910,8.775882,-14.004854,1.272367,3.101661,-12.890282,-4.464410,0.935345,-0.088577,5.460318,-0.395928,2.879723,-1.684814,5.535336,-0.033146,0.634695,-0.180280,-0.557650,-0.404146,0.014280,-0.118666,-0.065716,-0.031025,0.136001,-0.147527
467,8.340000,5.757199,-8.658821,1.246300,20.310303,0.078894,7.554726,-12.870143,-0.074859,1.933927,-14.195547,-1.670780,-0.306726,-0.324553,3.560185,-0.266885,1.928170,-1.697429,6.240027,0.007540,0.392016,-0.197917,-0.961033,-0.438721,0.032542,-0.017632,-0.190849,-0.071653,0.173135,-0.136291
468,8.360000,0.758643,-4.379704,0.236876,19.164721,1.949644,6.283784,-9.225536,-0.953761,1.930008,-15.249287,0.856277,-1.157613,-0.849591,2.749101,-0.202950,0.861933,-1.823965,6.717279,0.024670,0.201140,-0.364950,-1.090020,-0.763251,0.025870,0.024576,-0.256155,-0.214345,0.065488,-0.094124
469,8.380000,-5.377550,0.280988,1.039803,18.229458,2.928799,5.174427,-7.172475,-1.489545,2.519357,-17.250017,2.580909,-1.556813,-1.652250,3.018310,-0.181016,0.108645,-2.529508,6.736614,0.000060,0.026308,-0.563022,-1.183587,-1.148760,-0.005202,-0.017346,-0.298117,-0.310437,-0.011712,-0.091891
470,8.400000,-10.350229,3.675752,1.551135,18.511673,3.251213,4.620705,-5.783046,-1.606534,3.128860,-19.645559,3.664103,-1.796226,-2.328890,4.121500,-0.153505,-0.228789,-3.412356,6.614410,-0.038342,-0.081365,-0.745153,-1.324233,-1.531756,-0.020065,-0.046589,-0.349525,-0.432057,-0.011613,-0.134879
471,8.420000,-14.690027,6.364655,1.895770,19.314066,3.777124,4.217199,-4.666284,-1.863544,3.857820,-21.091267,4.945394,-1.991662,-2.835804,6.134044,-0.104432,-0.128809,-4.031809,6.503119,-0.038275,-0.099923,-0.871544,-1.447176,-1.816643,-0.010533,-0.028287,-0.391181,-0.500595,0.002299,-0.180111
472,8.440000,-18.572962,9.115424,2.497598,19.508404,4.727676,3.755640,-3.611990,-2.304588,4.467664,-21.412235,6.349763,-1.797044,-3.094805,8.876270,-0.067250,0.174557,-4.408698,6.296064,-0.017567,-0.058107,-0.960718,-1.399401,-1.905344,-0.001853,0.010987,-0.356094,-0.478321,0.003219,-0.198921
473,8.460000,-20.141266,11.044437,2.905146,20.216385,4.748799,3.646466,-3.253749,-2.240674,4.494058,-19.906572,7.991870,-0.938068,-2.522593,11.801776,0.011007,0.552518,-4.491563,5.959382,-0.005951,0.016240,-0.980968,-1.073830,-1.638917,-0.004135,0.040174,-0.238518,-0.380413,-0.005307,-0.183167
474,8.480000,-19.040655,10.578000,2.787162,20.928329,3.854771,3.781263,-3.001058,-1.713786,4.616593,-16.658588,8.050533,0.092564,-1.346251,14.631950,0.039047,0.690159,-4.139180,5.239392,-0.003670,0.044882,-0.901334,-0.641645,-1.125206,0.003072,0.035654,-0.124948,-0.235960,-0.020327,-0.151291
475,8.500000,-15.269627,7.150957,2.297466,20.516872,2.657288,3.912525,-3.288081,-1.079046,5.163960,-12.043698,6.714636,1.113442,0.165383,16.592934,0.017325,0.496783,-3.261266,3.809644,0.006062,0.023662,-0.693738,-0.175026,-0.406917,0.001205,0.036690,-0.025345,-0.040708,-0.040681,-0.101110
476,8.520000,-8.688961,1.346799,1.477380,19.272394,0.426066,4.111271,-3.803106,0.012114,5.510600,-6.506089,4.366596,2.164653,1.677763,16.876913,-0.065042,0.227515,-1.896814,1.191822,0.023396,-0.026353,-0.358597,0.354386,0.265891,-0.011037,0.041404,0.094000,0.149418,-0.066067,-0.034934
477,8.540000,-1.057375,-2.804595,3.050557,13.199553,-7.333975,-0.334657,-3.060393,1.476993,4.528273,1.352907,-13.519223,4.574996,2.088144,17.486788,-10.595810,1.030355,0.081427,-1.787560,5.460262,0.133936,0.171885,0.952741,0.332506,-0.020582,0.058732,0.251459,0.131022,-0.058945,0.124872
478,8.560000,0.676634,-1.369487,1.939768,1.328656,-15.314718,-5.674033,-0.006107,8.001824,3.454926,6.613376,-30.776060,5.715768,1.807732,20.722057,-10.299767,2.986895,1.358575,-4.587343,1.631780,0.470239,0.359098,1.172570,-0.402897,0.022567,-0.036369,0.328458,-0.088080,0.116659,0.228148
479,8.580000,1.158166,-1.214457,0.600530,-0.658386,-18.376488,-5.080112,0.426283,10.254731,1.979893,4.307876,-29.198402,3.889117,3.187223,18.813341,-11.685293,3.934562,0.391056,-4.409415,-2.000478,0.806133,0.167736,0.541894,-0.263533,-0.010990,0.027674,0.146360,-0.213457,0.161665,0.055728
480,8.600000,3.242863,-0.824096,0.491182,1.770143,-19.676258,-3.515142,0.610869,11.468443,0.164479,5.430380,-25.023689,2.916974,3.991576,13.631613,-11.841084,4.258866,-0.788901,-2.831855,-3.510918,1.107679,0.040619,0.169508,0.276338,-0.104866,-0.029065,-0.026281,-0.089238,0.129172,-0.072045
481,8.620000,3.353209,-1.255220,-0.564979,3.648104,-20.483601,-3.656070,-0.134178,13.123139,0.135885,4.222042,-21.465481,2.003566,3.657118,6.233486,-10.601072,3.849431,-1.120292,-0.904644,-4.476663,1.031254,-0.137444,-0.002861,0.672807,0.022626,-0.032193,-0.023484,0.075166,0.128129,-0.073494
482,8.640000,-1.556942,0.612199,-1.428143,4.004172,-24.282162,-3.964096,-1.508600,15.318601,2.481237,-1.268202,-16.626131,1.608475,3.096415,-0.633973,-6.491035,3.217994,-0.567246,0.304087,-5.788838,0.838317,-0.012908,0.286976,0.906633,0.057388,-0.009219,0.153626,0.179994,0.037944,0.006976
483,8.660000,-4.942486,4.343392,-2.316648,2.067891,-23.257427,-4.501234,-0.863186,14.058805,2.254664,-3.696683,-11.964258,0.806813,2.999434,-0.302284,-2.585491,1.991494,-0.737889,0.142706,-6.540066,0.391377,-0.304420,0.235093,0.645360,0.171564,0.166808,0.154060,0.116584,0.028146,0.054450
484,8.680000,-8.993331,8.560747,-1.771482,-0.012176,-20.473875,-5.413009,-0.135741,12.081622,1.633219,-5.670295,-7.788265,0.088401,2.124810,-0.176325,1.990146,0.888274,-0.991261,-0.037130,-7.044728,0.150243,-0.442180,-0.293400,0.109919,0.120644,0.136215,0.009284,-0.009944,0.040221,0.025229
485,8.700000,-9.657199,9.528410,-1.661327,-0.250323,-18.967438,-6.311241,0.018483,11.459061,0.929229,-4.874623,-6.250503,-0.476625,1.279046,-0.154085,5.864430,0.449324,-0.927729,-0.095362,-7.434932,-0.021764,-0.330727,-0.736427,-0.265948,0.007450,0.061144,-0.173515,-0.086274,0.058335,-0.021860
486,8.720000,-7.940199,8.615649,-2.153061,-0.622919,-19.353893,-6.617874,0.274672,11.810258,0.141254,-2.240766,-6.187699,-1.047122,0.819134,-0.082995,7.887395,0.755518,-0.846708,-0.107558,-8.011393,0.003957,-0.154367,-0.953366,-0.484577,-0.052874,-0.004040,-0.257059,-0.112335,0.055930,-0.056493
487,8.740000,-5.100118,6.769132,-2.134773,-0.928498,-20.336699,-6.432905,0.390644,10.692363,-0.744933,0.025866,-6.332123,-1.783463,0.818855,-0.056660,8.385935,1.436280,-0.806925,-0.082499,-8.093357,0.211106,-0.054918,-1.279258,-0.430803,-0.055199,-0.057641,-0.372897,-0.065000,0.072880,-0.108989
488,8.760000,-2.488696,3.587195,-2.471034,-0.962915,-21.234243,-6.002768,0.489890,9.876475,-0.804465,1.508440,-8.123434,-2.405621,0.605477,-0.093728,8.023023,1.829208,-0.872681,-0.066868,-8.122508,0.342038,-0.094137,-1.539925,-0.449291,-0.035944,-0.039458,-0.406284,-0.073938,0.111576,-0.106566
489,8.780000,-0.366018,0.022160,-2.769254,-0.999923,-21.132961,-5.915900,0.530997,8.923490,-0.165015,2.380086,-10.375152,-2.594633,0.373108,-0.162598,7.487555,1.872630,-0.977105,-0.059460,-8.075147,0.355696,-0.189619,-1.601657,-0.558217,-0.014769,-0.017480,-0.398129,-0.112335,0.113088,-0.104243
490,8.800000,0.786698,-2.990232,-2.530009,-1.812550,-20.721121,-6.308731,0.909645,7.883428,0.944142,3.115863,-12.661380,-2.321727,0.168536,-0.216062,7.285203,1.930492,-1.026852,-0.067783,-7.984721,0.360046,-0.234262,-1.438195,-0.733268,-0.020942,-0.013007,-0.354916,-0.162171,0.097018,-0.109722
491,8.820000,1.924018,-6.033269,-1.784275,-2.913375,-20.371717,-7.007566,1.407725,6.227955,2.162516,3.919374,-14.628067,-1.793697,-0.135941,-0.240048,8.058090,1.965626,-1.081085,-0.075609,-7.817299,0.338081,-0.235428,-1.229940,-0.909647,-0.020932,-0.021835,-0.317601,-0.203047,0.072676,-0.080657
492,8.840000,3.357178,-9.007822,-1.220594,-2.959709,-20.689257,-7.319016,1.325498,4.765728,3.099114,4.639784,-15.643839,-1.281495,-0.362837,-0.249830,9.584371,2.112036,-1.212354,-0.061793,-7.311178,0.303910,-0.243599,-1.060086,-1.019525,-0.009752,-0.043045,-0.268314,-0.224057,0.074750,-0.045748
493,8.860000,4.735398,-11.098007,-1.105522,-1.406519,-22.007788,-6.904562,0.617538,3.662778,3.446947,5.327117,-15.129550,-1.148181,-0.365962,-0.260478,11.700768,2.404908,-1.353881,-0.039622,-6.085531,0.337561,-0.264159,-0.970505,-1.009287,0.003216,-0.067008,-0.232064,-0.224817,0.091225,-0.034516
494,8.880000,4.848281,-10.470027,-1.377970,-0.200857,-22.784531,-5.853641,0.152952,4.062260,3.147659,5.973820,-12.477409,-0.868600,0.287286,-0.263491,13.982133,2.472125,-1.526052,-0.038495,-4.543489,0.339379,-0.343679,-0.824831,-0.616765,0.025830,-0.067156,-0.221013,-0.163635,0.075985,-0.008437
495,8.900000,4.213628,-8.065269,-2.120623,1.879820,-22.011761,-4.780822,-0.630045,4.334082,2.369958,5.515195,-7.966838,-0.527343,1.542177,-0.250661,16.695543,2.296999,-1.704805,-0.037858,-2.368057,0.376330,-0.412613,-0.688336,-0.028559,0.039115,-0.051507,-0.198504,-0.017742,0.045431,-0.027728
496,8.920000,4.857037,-5.858031,-5.689404,13.125501,-12.272783,2.057754,-8.844514,1.662461,1.645883,-20.416683,4.039334,-0.801067,4.982612,-13.001482,20.500875,1.443549,-3.218519,-3.363288,-0.372712,0.162229,-0.751034,-0.989828,0.926879,0.075894,-0.015884,-0.230156,0.175173,-0.003421,-0.075668
497,8.940000,10.816842,-7.845349,-5.357214,18.607889,-5.394391,8.530220,-12.530544,1.140015,0.947515,-24.703466,4.579454,1.214036,7.033019,-8.202032,20.399065,1.434097,-3.737275,1.403556,1.475390,0.254835,-0.654033,-0.802575,1.338395,0.028752,0.053336,-0.289965,0.203956,0.144431,-0.235461
498,8.960000,11.304757,-8.802485,-0.380444,20.726034,-4.319671,7.984598,-16.784004,0.430019,1.664786,-17.373489,0.390196,4.109613,5.595472,-5.067973,10.758328,1.112490,-2.860954,2.725270,2.280734,0.246945,-0.462697,0.282047,1.322537,0.021602,0.121492,-0.080352,0.373947,0.052888,-0.102770
499,8.980000,9.450849,-9.440778,3.715803,20.519840,-2.550239,8.231894,-19.021549,0.839718,2.550419,-13.958471,-3.404783,4.318266,1.976305,0.143770,-0.264409,-0.233423,-0.877480,3.364546,-0.141783,-0.046489,-0.063228,1.030717,0.498393,-0.004869,0.150376,0.316792,0.303119,-0.054226,0.121375
500,9.000000,9.707544,-9.404906,5.984584,22.240108,-1.185155,9.674074,-21.168344,0.382809,2.399214,-14.065005,-3.412746,5.538277,0.507406,4.648180,-0.698853,-0.586835,0.686710,4.454718,-0.117219,0.010078,0.368086,1.355813,-0.183220,-0.115179,0.012016,0.396072,0.096729,-0.089195,0.213130
501,9.020000,8.800615,-10.786160,2.962478,22.383028,-2.879370,9.705190,-16.074774,1.344240,3.318816,-12.809698,-5.796142,4.452976,0.179208,6.577042,-0.359382,1.049200,0.326473,4.406251,-0.078816,0.406153,0.289353,0.862718,-0.598334,-0.113564,-0.103937,0.227512,-0.168458,0.010525,0.151450
502,9.040000,8.108115,-11.539732,1.147206,23.467247,-4.127847,9.274035,-13.563104,2.016081,3.615090,-12.451559,-6.384389,2.433232,0.416479,6.820353,-0.466938,2.679289,-1.354018,5.069287,-0.056547,0.675277,-0.126596,0.078371,-0.513484,-0.072374,-0.175163,0.065584,-0.142328,0.073089,-0.065106
503,9.060000,7.902242,-10.856940,1.926306,21.361738,-1.995295,8.267670,-14.006916,0.831057,2.515090,-12.392298,-3.881974,0.716433,-0.212530,5.033632,-0.370132,2.769807,-1.917988,6.288483,-0.021413,0.582886,-0.244936,-0.624839,-0.430435,0.022339,-0.090555,-0.094616,-0.032209,0.137058,-0.159710
504,9.080000,5.169889,-7.819227,0.794632,19.901447,0.607649,6.971420,-11.931595,-0.280608,1.599374,-13.880441,-1.107759,-0.632817,-0.379533,3.266849,-0.241618,1.721311,-1.847889,7.099606,0.011476,0.358300,-0.275173,-0.994981,-0.493590,0.027830,0.009004,-0.207425,-0.105725,0.156134,-0.141551
505,9.100000,-0.205318,-3.307117,0.336383,18.955193,2.289271,5.868659,-8.629243,-1.129706,1.788725,-15.150726,1.353001,-1.344780,-0.946818,2.806779,-0.192393,0.701289,-1.986330,7.350608,0.021080,0.176386,-0.421286,-1.122268,-0.829359,0.022920,0.023237,-0.268550,-0.234988,0.040594,-0.094123
506,9.120000,-6.167362,1.109760,1.183246,18.418831,3.015096,5.015300,-6.921412,-1.504785,2.423079,-17.583805,2.829520,-1.660055,-1.734968,3.122011,-0.176235,0.008239,-2.742210,7.177475,-0.009753,0.000695,-0.602791,-1.242386,-1.218895,-0.007560,-0.028160,-0.316243,-0.331147,-0.013336,-0.095858
507,9.140000,-11.193035,4.433142,1.794117,18.825842,3.439544,4.432978,-5.684917,-1.691897,3.116067,-19.942974,3.984737,-1.792838,-2.469520,4.290178,-0.139564,-0.225908,-3.532036,6.945268,-0.036452,-0.091603,-0.762984,-1.362798,-1.598169,-0.016487,-0.045377,-0.370178,-0.443201,-0.009890,-0.139372
508,9.160000,-15.853621,7.343028,2.263077,19.244905,4.169802,3.944947,-4.495139,-2.044612,3.941291,-21.464340,5.369116,-1.875676,-3.047247,6.383420,-0.085328,-0.071598,-4.106506,6.714158,-0.026941,-0.095348,-0.882414,-1.424209,-1.881284,-0.004820,-0.024490,-0.387202,-0.501513,0.004883,-0.185212
509,9.180000,-19.551306,10.101781,2.862749,19.407665,5.086474,3.578993,-3.537214,-2.428289,4.504403,-21.633219,6.875996,-1.528216,-3.193855,9.206705,-0.037226,0.265698,-4.443682,6.274989,-0.008490,-0.042763,-0.966100,-1.295453,-1.920540,-0.000762,0.016347,-0.320718,-0.470795,0.002499,-0.205142
510,9.200000,-20.188675,11.306814,2.996247,20.464111,4.685067,3.565320,-3.285204,-2.171421,4.481987,-19.658138,8.257026,-0.669442,-2.348991,12.263743,0.033043,0.601053,-4.454061,5.706974,-0.003980,0.024944,-0.963360,-0.954302,-1.578302,-0.002757,0.038872,-0.202983,-0.371851,-0.002557,-0.182911
511,9.220000,-18.029467,9.783290,2.675632,20.987988,3.554175,3.729743,-3.301553,-1.539125,4.663320,-15.914506,7.743958,0.295242,-0.981425,15.008181,0.031883,0.632836,-4.002025,4.715095,-0.004039,0.034321,-0.865306,-0.538644,-0.975571,0.004482,0.035427,-0.100804,-0.202734,-0.023594,-0.141934
512,9.240000,-13.317896,5.614878,1.930847,20.533875,2.204409,3.996974,-3.630248,-0.812414,5.112357,-11.005508,6.211431,1.257627,0.654652,16.676743,0.011685,0.441419,-2.936161,3.017031,0.008014,0.016669,-0.616675,-0.096096,-0.223406,-0.005325,0.040895,-0.013990,0.011894,-0.047220,-0.088783
513,9.260000,-6.077462,-0.392322,1.542340,18.690437,-1.014862,4.130828,-4.207921,0.616584,5.167839,-4.736960,3.447097,2.629958,1.940201,16.392889,-0.128460,0.247938,-1.408185,-0.016143,0.022447,-0.018141,-0.234733,0.552763,0.382047,-0.014338,0.051248,0.140171,0.173447,-0.071365,0.004384
514,9.280000,-0.353544,-3.696366,3.658191,8.405965,-10.519057,-1.987149,-1.861012,4.208747,4.711730,4.145073,-20.141613,5.334317,1.711934,18.479744,-12.874802,1.638625,0.833484,-3.137188,5.729332,0.273531,0.337476,1.225235,0.125235,-0.014226,0.026576,0.311701,0.060162,-0.010809,0.181208
515,9.300000,1.155076,-1.863458,1.549022,0.188738,-15.847592,-5.981292,0.267742,8.325962,3.055633,6.334118,-30.584219,5.044223,2.070155,21.237373,-11.223467,3.209377,1.120376,-4.917386,-0.455457,0.510678,0.253000,0.934111,-0.477111,0.040708,-0.000453,0.287967,-0.142109,0.150340,0.201886
516,9.320000,2.087081,-0.686917,0.488551,0.057469,-19.568647,-4.219173,0.677917,10.979753,1.026082,4.881306,-27.347029,3.641682,3.879768,17.776262,-11.092661,4.128450,-0.020250,-4.017319,-2.992729,0.934086,0.186688,0.475288,0.016532,-0.096843,0.004259,0.094545,-0.164023,0.133304,0.015066
517,9.340000,4.082962,-0.897995,0.058629,2.296572,-19.415062,-3.076178,0.526241,11.889778,-0.494096,5.720457,-23.992500,2.580086,4.118676,12.617213,-11.095617,4.133449,-1.002215,-2.500338,-4.032523,1.106646,-0.070150,0.035287,0.449025,-0.050782,-0.021195,-0.064096,-0.015043,0.148516,-0.082532
518,9.360000,2.651782,-1.413061,-0.915243,3.787930,-21.067841,-3.760293,-0.418621,13.749243,0.763619,3.459612,-20.520523,1.906192,3.386200,3.776255,-8.988523,3.695154,-1.098661,-0.298118,-5.111483,0.984969,-0.125375,0.028994,0.730738,0.052701,-0.050902,0.007088,0.096816,0.109493,-0.068527
519,9.380000,-2.276810,1.416728,-2.069710,3.318590,-24.159906,-4.143557,-1.257247,15.169140,2.456905,-1.906275,-15.571251,1.300777,3.221185,-0.718899,-5.289087,2.975437,-0.623516,0.298098,-6.268984,0.735781,-0.087433,0.278896,0.947629,0.067274,0.045686,0.167615,0.198579,0.024040,0.019081
520,9.400000,-5.928872,5.501034,-2.488051,1.203010,-22.333500,-4.741117,-0.508280,13.653998,1.987028,-4.149715,-11.192832,0.498567,2.957979,-0.231221,-1.618286,1.641569,-0.810967,0.067181,-6.914629,0.294276,-0.360509,0.094581,0.552824,0.171027,0.164984,0.118674,0.089000,0.033561,0.051756
521,9.420000,-8.975908,8.465906,-1.837247,-0.005043,-19.977369,-5.667609,-0.228731,12.054347,1.489994,-5.414561,-7.990562,-0.156534,1.989731,-0.147472,2.639534,0.665728,-0.981326,-0.075777,-7.262266,0.081896,-0.428390,-0.450192,0.031651,0.095715,0.108545,-0.054239,-0.023023,0.034816,0.016750
522,9.440000,-9.051399,8.822569,-1.751015,-0.039344,-19.160778,-6.592338,-0.065431,11.638163,0.854967,-4.053119,-7.261283,-0.744265,1.121888,-0.125355,5.776594,0.378177,-0.860635,-0.109477,-7.765142,-0.050660,-0.276538,-0.839746,-0.331089,-0.010615,0.036974,-0.213537,-0.095031,0.053016,-0.034532
523,9.460000,-6.973828,7.550512,-2.176687,-0.479678,-19.773163,-6.727286,0.168012,11.655947,0.094293,-1.499735,-7.305103,-1.354118,0.774634,-0.077611,7.147295,0.806087,-0.811067,-0.107427,-8.219252,0.032325,-0.111532,-1.084131,-0.494288,-0.058153,-0.021069,-0.299942,-0.102961,0.057130,-0.075933
524,9.480000,-4.139462,5.218046,-2.134360,-0.688944,-20.954069,-6.396029,0.291794,10.456444,-0.519336,0.531539,-8.094886,-2.012847,0.729364,-0.073217,7.272885,1.500206,-0.806042,-0.080529,-8.242279,0.241976,-0.052547,-1.381500,-0.456373,-0.055786,-0.059343,-0.394215,-0.069537,0.081113,-0.113151
525,9.500000,-1.631237,1.727041,-2.562835,-0.738434,-21.391306,-6.010133,0.378656,9.755916,-0.293598,1.831401,-10.192180,-2.450501,0.478495,-0.120434,6.798377,1.827271,-0.946609,-0.063571,-8.206997,0.341265,-0.136626,-1.560907,-0.508432,-0.032096,-0.031221,-0.402777,-0.094884,0.112939,-0.105339
526,9.520000,0.118777,-1.590099,-2.689975,-1.392561,-21.035879,-6.000405,0.721207,8.749293,0.508470,2.733816,-12.496861,-2.459717,0.249315,-0.179414,6.454031,1.945400,-1.035176,-0.063991,-8.154526,0.360866,-0.222902,-1.518882,-0.641097,-0.018069,-0.015117,-0.367580,-0.138042,0.107287,-0.111068
527,9.540000,1.219656,-4.539267,-2.180251,-2.547095,-20.382095,-6.446105,1.264628,7.411297,1.617604,3.502273,-14.538814,-2.085952,-0.065907,-0.222012,6.746054,2.052060,-1.034309,-0.076795,-7.800124,0.376993,-0.231903,-1.337634,-0.831584,-0.020850,-0.018875,-0.333976,-0.185318,0.094054,-0.100038
528,9.560000,2.555275,-7.545744,-1.381226,-3.224251,-20.234398,-7.064448,1.488302,5.672663,2.650684,4.337678,-15.962632,-1.553630,-0.393307,-0.241179,8.097058,2.135843,-1.115374,-0.074798,-7.412150,0.343346,-0.230315,-1.170823,-1.005468,-0.009814,-0.030116,-0.302133,-0.219452,0.074025,-0.055282
529,9.580000,4.188269,-10.251650,-1.104634,-2.030684,-21.208166,-7.077492,0.873205,4.219584,3.195641,4.950770,-15.986800,-1.311956,-0.548962,-0.261877,10.086329,2.399256,-1.216057,-0.050309,-6.279181,0.354590,-0.227104,-1.069133,-1.099763,-0.000073,-0.057204,-0.259887,-0.239993,0.091926,-0.036170
530,9.600000,4.802644,-10.538119,-1.104116,-0.825479,-22.388662,-6.369678,0.403911,4.128034,3.112981,5.928813,-14.110301,-0.979855,-0.135614,-0.259666,12.488992,2.488753,-1.445640,-0.040482,-4.982729,0.331276,-0.312589,-0.890485,-0.821363,0.015725,-0.063840,-0.229625,-0.199294,0.084512,-0.008332
531,9.620000,4.176375,-8.614049,-1.589438,0.604240,-22.564743,-5.293317,-0.126324,4.577821,2.573786,5.715508,-10.439166,-0.584636,0.885752,-0.248091,15.089304,2.380294,-1.625577,-0.041341,-3.104605,0.366209,-0.378895,-0.718527,-0.319007,0.031091,-0.054421,-0.203542,-0.089060,0.059567,-0.018279
532,9.640000,3.387896,-5.932907,-4.496104,8.587327,-16.797924,-0.384360,-4.860028,2.691040,1.635314,-15.666809,-1.294631,-0.843454,3.216303,-9.942066,18.669136,1.708314,-2.573853,-3.130316,-0.863649,0.240605,-0.616838,-0.822635,0.403461,0.054459,-0.029213,-0.187236,0.078378,0.014176,-0.060929
533,9.660000,8.237589,-6.519229,-6.053155,18.433422,-6.496242,6.977347,-11.254425,0.435300,1.141888,-25.904203,6.029454,0.079223,6.430251,-10.769832,20.563383,1.259511,-3.725909,0.952856,2.966064,0.164954,-0.736417,-1.077501,1.118987,0.052085,0.032589,-0.294861,0.156136,0.074877,-0.168436
534,9.680000,11.379962,-8.543823,-2.117483,21.250669,-4.786285,7.952520,-16.138454,0.424668,1.569082,-19.705566,2.464149,3.422535,6.592927,-5.600434,14.365780,1.319719,-3.338280,2.695773,2.647228,0.265131,-0.548246,-0.066638,1.453878,0.028516,0.071490,-0.199650,0.317458,0.109080,-0.196982
535,9.700000,10.018023,-8.988016,2.479062,20.914057,-3.984580,7.651400,-18.465845,0.851135,2.175722,-14.562620,-2.477165,4.362816,3.247671,-1.448586,4.108156,0.158705,-1.676209,3.698812,0.050957,0.012523,-0.236598,0.881772,0.854863,0.017498,0.182627,0.219155,0.372988,-0.025329,0.055931
536,9.720000,9.627789,-9.543231,5.155853,21.497667,-1.823814,9.036803,-20.590889,0.669194,2.443352,-14.184526,-3.616636,4.938702,1.063770,2.842408,-0.636705,-0.543414,0.261108,4.682048,-0.153080,-0.032475,0.245751,1.260517,0.072871,-0.101464,0.065665,0.376152,0.186077,-0.095620,0.204407
537,9.740000,8.578136,-10.110998,4.068734,21.801504,-2.624442,9.705850,-17.556263,1.158656,3.122091,-13.369267,-5.160030,4.810239,0.204489,4.966884,-0.410335,0.497702,0.672085,4.586074,-0.088517,0.294226,0.372764,1.022849,-0.466133,-0.124641,-0.066101,0.272447,-0.082698,-0.020364,0.192957
538,9.760000,7.787012,-11.803605,1.020877,23.468678,-4.391751,9.422404,-13.643206,2.212794,4.171857,-12.767609,-6.805546,2.804407,0.503776,6.225139,-0.468451,2.374667,-0.933227,4.823891,-0.071078,0.666369,-0.025288,0.237454,-0.526806,-0.094487,-0.172500,0.079608,-0.170316,0.062521,-0.006701
539,9.780000,7.462898,-11.257871,1.867431,22.096849,-2.919026,8.561864,-14.088102,1.313993,3.358405,-12.643311,-4.753472,1.117182,-0.083639,5.476814,-0.414373,2.864621,-1.690877,5.802136,-0.034693,0.638488,-0.188634,-0.475021,-0.409607,0.005005,-0.122748,-0.043043,-0.029459,0.126836,-0.149335
540,9.800000,6.273867,-9.226994,1.282243,20.124870,0.095260,7.390480,-13.074840,-0.091634,2.014257,-13.596877,-1.890575,-0.198954,-0.309970,3.558463,-0.283695,2.012760,-1.807253,6.906509,0.007592,0.408229,-0.226985,-0.910637,-0.420623,0.032453,-0.025214,-0.169869,-0.062480,0.168397,-0.147047
541,9.820000,1.552758,-4.978056,0.178921,18.956015,1.994022,6.260673,-9.450747,-0.956832,1.826126,-14.675066,0.652151,-1.136102,-0.794958,2.766739,-0.212874,0.949616,-1.904532,7.254784,0.025930,0.218914,-0.385875,-1.064832,-0.728776,0.030682,0.023109,-0.238839,-0.206508,0.073689,-0.106613
542,9.840000,-4.608439,-0.156338,0.994174,18.221865,3.070278,5.258349,-7.361087,-1.542154,2.327447,-16.829847,2.466867,-1.567706,-1.573823,2.916295,-0.185715,0.160472,-2.501529,7.245540,0.004730,0.040176,-0.555249,-1.184880,-1.116789,-0.000476,-0.014218,-0.294451,-0.300844,-0.005006,-0.094739
543,9.860000,-9.840338,3.440124,1.553983,18.588749,3.366009,4.621801,-6.035800,-1.647531,2.957702,-19.330530,3.625885,-1.803860,-2.272206,3.791145,-0.158410,-0.228761,-3.323298,7.059825,-0.033235,-0.080036,-0.717601,-1.337389,-1.504531,-0.019857,-0.046707,-0.353029,-0.423056,-0.009309,-0.127658
544,9.880000,-14.413840,6.262572,1.908422,19.414892,3.785722,4.158560,-4.844667,-1.857275,3.741163,-21.039734,4.933753,-1.997679,-2.838297,5.643865,-0.101750,-0.142825,-3.934016,6.887487,-0.035717,-0.100596,-0.844559,-1.457414,-1.808648,-0.008616,-0.032065,-0.399829,-0.498364,0.001859,-0.171919
545,9.900000,-18.565899,9.102242,2.554155,19.606318,4.681212,3.664917,-3.736809,-2.277967,4.441584,-21.514805,6.316015,-1.848597,-3.202706,8.468124,-0.063384,0.170860,-4.323171,6.476311,-0.016924,-0.057172,-0.938991,-1.419790,-1.936891,0.001861,0.006859,-0.368063,-0.485963,0.002268,-0.196550
546,9.920000,-20.279707,11.087988,2.986129,20.396366,4.787912,3.530683,-3.392007,-2.265046,4.520041,-20.135448,7.989911,-1.018932,-2.692856,11.618457,0.014944,0.545029,-4.442140,6.024142,-0.007047,0.015499,-0.968083,-1.104322,-1.702845,-0.000505,0.039717,-0.248897,-0.399284,-0.004889,-0.184621
547,9.940000,-19.112293,10.607319,2.889995,21.114706,3.874548,3.662570,-3.322836,-1.722165,4.604942,-16.892109,8.084651,0.015008,-1.497827,14.708451,0.042542,0.688072,-4.151138,5.236336,-0.005918,0.044129,-0.903825,-0.673603,-1.199812,0.004525,0.037271,-0.131553,-0.259371,-0.017940,-0.155946
548,9.960000,-15.349119,7.315759,2.335541,20.951281,2.746298,3.834975,-3.473927,-1.113432,5.062961,-12.320011,6.827716,1.050494,0.051117,16.879534,0.024955,0.526040,-3.317468,3.822027,0.004533,0.028016,-0.708886,-0.209463,-0.482310,0.000332,0.038981,-0.032816,-0.064624,-0.038212,-0.106103
549,9.980000,-8.973308,1.717108,1.490962,19.797180,0.581789,4.073915,-3.874111,-0.058058,5.391805,-6.846144,4.517823,2.083382,1.599221,17.211271,-0.056925,0.274675,-1.986032,1.224115,0.024213,-0.017444,-0.379396,0.311105,0.206796,-0.014163,0.043266,0.084229,0.130554,-0.061774,-0.038903
550,10.000000,-1.324208,-2.326332,3.066826,14.007911,-7.245924,-0.053225,-3.455340,1.068683,4.280783,0.759511,-12.866690,4.388052,2.126828,17.443636,-9.844842,0.977075,-0.045768,-1.821181,5.106653,0.113023,0.136842,0.914247,0.340563,-0.021853,0.059552,0.242927,0.133997,-0.062239,0.114183
551,10.020000,0.672355,-2.226829,3.189099,3.019965,-14.298522,-3.150554,-0.174876,7.542611,3.330570,6.574541,-26.222883,5.649048,1.672346,20.562941,-17.195290,2.706345,1.179488,-4.588312,1.511096,0.471210,0.340338,1.288659,-0.315423,0.019628,-0.035077,0.340151,-0.069757,0.119913,0.230287
552,10.040000,0.989201,-0.896309,0.832737,0.006829,-19.071074,-4.998907,0.325959,10.317087,1.956367,4.395926,-29.131769,4.051738,3.100942,19.281609,-11.244113,3.907460,0.461118,-4.456770,-2.100114,0.788184,0.177369,0.572147,-0.255218,-0.004384,0.025647,0.161985,-0.194610,0.164261,0.067116
553,10.060000,3.178083,-1.083366,0.507962,2.206637,-19.201065,-3.255054,0.544838,11.260087,0.331200,5.215863,-25.088480,2.970298,3.892320,14.441685,-11.537695,4.238140,-0.724699,-2.963238,-3.577854,1.105059,0.035079,0.172443,0.219897,-0.102879,-0.023845,-0.031156,-0.104424,0.130357,-0.070632
554,10.080000,3.578952,-1.275590,-0.598564,3.739643,-20.057129,-3.432696,-0.117539,12.755742,-0.079383,4.170441,-21.874573,2.009416,3.752242,7.458848,-10.846811,3.854430,-1.210005,-1.163112,-4.456821,1.036616,-0.163377,-0.021099,0.657399,0.019835,-0.027135,-0.038280,0.064802,0.134809,-0.084749
555,10.100000,-1.557499,0.596411,-1.222986,4.057712,-23.880989,-4.017293,-1.585668,15.373540,2.371123,-1.086866,-17.431154,1.667958,2.924125,-0.578355,-7.110265,3.205394,-0.583387,0.289599,-5.758525,0.829106,0.014437,0.266877,0.829362,0.051485,-0.032093,0.143596,0.157970,0.033419,0.005566
556,10.120000,-4.907032,3.973520,-2.200128,2.181470,-23.509542,-4.580343,-0.973895,14.516653,2.498138,-3.460298,-12.927014,0.949676,2.884126,-0.398932,-3.417160,2.069160,-0.661776,0.156011,-6.461250,0.415086,-0.252673,0.290877,0.615359,0.160196,0.147189,0.169543,0.114222,0.018129,0.048193
557,10.140000,-8.950530,8.308433,-1.806022,0.027812,-20.989059,-5.386659,-0.117957,12.615960,1.879277,-5.446939,-8.691866,0.178371,2.221087,-0.169893,1.248955,0.959797,-0.954508,-0.035394,-6.888906,0.168350,-0.438368,-0.222406,0.153798,0.126193,0.140461,0.028803,0.001707,0.041497,0.026849
558,10.160000,-9.892262,9.556234,-1.713964,-0.219197,-19.378363,-6.301463,0.020222,11.794158,1.179178,-5.025311,-6.776175,-0.402855,1.414423,-0.144424,5.405156,0.450702,-0.965732,-0.094160,-7.169395,-0.024034,-0.357058,-0.701685,-0.217846,0.017912,0.074497,-0.160015,-0.075288,0.055230,-0.012917
559,10.180000,-8.402308,8.845860,-2.170792,-0.505567,-19.502056,-6.630713,0.236236,12.069252,0.360169,-2.614326,-6.555914,-0.980332,0.966899,-0.091753,7.536069,0.653526,-0.891276,-0.107408,-7.911416,-0.020593,-0.185968,-0.934468,-0.435086,-0.047495,0.006472,-0.253205,-0.105117,0.052501,-0.049579
560,10.200000,-5.648538,7.076851,-2.264732,-0.793788,-20.058037,-6.500595,0.292402,11.091341,-0.504341,-0.339314,-6.485383,-1.685957,0.977881,-0.065924,8.049272,1.316626,-0.857914,-0.082251,-8.123521,0.177252,-0.079782,-1.250051,-0.380621,-0.055338,-0.051120,-0.363109,-0.058770,0.067413,-0.103579
561,10.220000,-2.958842,4.005477,-2.580557,-0.958348,-20.880560,-6.076645,0.465117,10.294127,-0.677975,1.310072,-8.107024,-2.332597,0.779007,-0.092638,7.719032,1.768921,-0.895164,-0.068658,-8.108939,0.316345,-0.093011,-1.509248,-0.384280,-0.038358,-0.038541,-0.397068,-0.056317,0.104553,-0.105201
562,10.240000,-0.646407,0.357349,-2.798738,-1.103486,-20.963816,-5.894120,0.579449,9.108802,-0.158374,2.322005,-10.433181,-2.569035,0.474209,-0.154434,7.185643,1.867918,-0.966143,-0.062307,-8.191072,0.348651,-0.175375,-1.584322,-0.510925,-0.017288,-0.019364,-0.392354,-0.099149,0.113828,-0.100755
563,10.260000,0.672763,-2.736198,-2.593654,-1.989975,-20.540308,-6.224206,0.997327,8.116479,0.869043,3.145784,-12.706683,-2.341001,0.191612,-0.206304,6.985043,1.980115,-0.986573,-0.071045,-8.051681,0.372214,-0.219114,-1.448487,-0.708101,-0.020636,-0.015482,-0.355737,-0.153782,0.101139,-0.107037
564,10.280000,1.903052,-5.858404,-1.796076,-3.108062,-20.228523,-6.881321,1.505159,6.320848,2.046822,3.924635,-14.727344,-1.826590,-0.171251,-0.236858,7.793419,2.026090,-1.034741,-0.078420,-7.871644,0.358664,-0.224276,-1.243831,-0.911990,-0.020606,-0.023473,-0.320935,-0.202391,0.079669,-0.082020
565,10.300000,3.368231,-8.870227,-1.229602,-3.102725,-20.536413,-7.254266,1.388193,4.832545,2.980513,4.626384,-15.774790,-1.323943,-0.413899,-0.251390,9.287894,2.154580,-1.186906,-0.063431,-7.390493,0.318337,-0.240561,-1.081490,-1.037859,-0.009471,-0.043684,-0.274511,-0.226073,0.077268,-0.047152
566,10.320000,4.725943,-10.962543,-1.187704,-1.477071,-21.785704,-6.937486,0.639195,3.942300,3.354656,5.315101,-15.211938,-1.192630,-0.406346,-0.263309,11.365776,2.438330,-1.345517,-0.040382,-6.164270,0.347243,-0.264787,-0.994089,-1.030330,0.001921,-0.068262,-0.237919,-0.228910,0.091888,-0.037840
567,10.340000,4.781991,-10.319655,-1.407927,-0.217539,-22.683041,-5.872709,0.162182,4.173443,3.072245,5.928931,-12.599332,-0.946998,0.264749,-0.268183,13.681185,2.494162,-1.539680,-0.038603,-4.567107,0.346405,-0.347719,-0.849259,-0.630572,0.023263,-0.066509,-0.224934,-0.166379,0.076687,-0.011721
568,10.360000,4.160206,-7.926995,-2.123563,1.897510,-21.931280,-4.803344,-0.630304,4.446432,2.289103,5.487389,-8.108833,-0.590446,1.494558,-0.255414,16.360376,2.294032,-1.733494,-0.037393,-2.388988,0.375878,-0.419508,-0.706219,-0.045604,0.037330,-0.048850,-0.199821,-0.023027,0.048955,-0.031453
569,10.380000,4.835394,-5.881779,-5.729230,13.285070,-12.160233,2.138035,-8.859709,1.668953,1.592752,-20.713020,3.895713,-0.872359,4.896034,-13.032782,20.157101,1.421717,-3.233530,-3.240919,-0.415791,0.159264,-0.755607,-1.013299,0.897990,0.074006,-0.012422,-0.233737,0.166345,-0.000247,-0.077998
570,10.400000,10.680541,-7.840429,-5.365948,18.757595,-5.327333,8.538172,-12.603106,1.113506,0.972251,-24.960047,4.526048,1.134777,6.947210,-8.207767,20.099291,1.406863,-3.736759,1.403559,1.459718,0.248348,-0.657632,-0.822941,1.312510,0.027874,0.050917,-0.296519,0.197236,0.142527,-0.236457
571,10.420000,11.109887,-8.762827,-0.379229,20.850180,-4.314064,7.955293,-17.089199,0.456357,1.720464,-17.660019,0.390976,4.014405,5.557399,-5.005043,10.596792,1.093820,-2.860641,2.562207,2.274073,0.244927,-0.463407,0.252853,1.309908,0.024031,0.121529,-0.086739,0.371680,0.051658,-0.100606
572,10.440000,9.326591,-9.371634,3.789845,20.563225,-2.536672,8.242038,-19.142143,0.846808,2.560136,-14.219488,-3.369444,4.287445,1.921874,0.179102,-0.330086,-0.255415,-0.898150,3.522704,-0.136313,-0.057563,-0.063182,1.007709,0.471890,-0.000616,0.152020,0.304767,0.296481,-0.056000,0.124808
573,10.460000,9.587543,-9.389174,6.080151,22.083435,-1.193212,9.613060,-21.369139,0.394848,2.415554,-14.353197,-3.388540,5.549191,0.420164,4.594239,-0.691126,-0.609342,0.656467,4.501966,-0.115239,0.004187,0.363208,1.350056,-0.214601,-0.115614,0.011369,0.389858,0.086601,-0.090358,0.212834
574,10.480000,8.642673,-10.799221,3.026182,22.319983,-2.809569,9.608153,-16.149681,1.319729,3.384714,-12.980842,-5.799738,4.485326,0.086531,6.435025,-0.362163,1.042760,0.274362,4.346290,-0.077409,0.402623,0.276608,0.873178,-0.630729,-0.115520,-0.106565,0.227812,-0.178192,0.008799,0.148170
575,10.500000,8.033109,-11.566311,1.227067,23.376240,-4.055555,9.274549,-13.771155,1.989880,3.692073,-12.664171,-6.331072,2.436113,0.377272,6.560163,-0.463321,2.663909,-1.421043,5.041232,-0.056141,0.669307,-0.140737,0.087940,-0.537525,-0.073039,-0.177047,0.071046,-0.147826,0.073487,-0.071161
576,10.520000,7.785164,-10.837244,1.931935,21.405067,-1.916164,8.247105,-14.185507,0.790082,2.565474,-12.709697,-3.785329,0.706496,-0.193997,4.944744,-0.364332,2.733991,-1.929311,6.233385,-0.019730,0.573311,-0.248077,-0.622453,-0.424684,0.022659,-0.088912,-0.088518,-0.031764,0.138213,-0.163850
577,10.540000,5.065878,-7.855609,0.771250,19.934549,0.633274,6.929293,-11.898970,-0.310800,1.681127,-14.026959,-1.092316,-0.594659,-0.370942,3.178906,-0.238828,1.700606,-1.845612,7.217409,0.014778,0.354862,-0.275203,-0.979357,-0.482644,0.030300,0.008773,-0.202477,-0.103869,0.155883,-0.141320
578,10.560000,-0.249353,-3.382322,0.381995,18.782267,2.310662,5.868309,-8.779781,-1.138587,1.865983,-15.310359,1.328613,-1.314212,-0.946718,2.633286,-0.191896,0.704268,-1.976622,7.383657,0.022968,0.179022,-0.420240,-1.109246,-0.820238,0.023448,0.022248,-0.265444,-0.229609,0.040433,-0.094238
579,10.580000,-6.209413,1.030145,1.214927,18.234591,3.039662,4.994590,-6.988838,-1.517221,2.499896,-17.697506,2.786855,-1.611830,-1.742814,2.932085,-0.176978,0.010144,-2.715050,7.241584,-0.009215,0.002122,-0.595553,-1.225731,-1.210957,-0.008122,-0.028059,-0.314070,-0.328457,-0.013540,-0.094881
580,10.600000,-11.259168,4.368636,1.757866,18.722809,3.405313,4.429951,-5.685736,-1.669975,3.193002,-20.065540,3.954020,-1.760448,-2.462418,4.040785,-0.141462,-0.221686,-3.516883,7.073430,-0.037997,-0.090845,-0.759177,-1.347742,-1.592232,-0.017174,-0.046359,-0.366885,-0.443561,-0.009672,-0.139363
581,10.620000,-15.919071,7.297863,2.200006,19.246134,4.163582,3.976074,-4.507511,-2.038831,4.024990,-21.598476,5.367288,-1.870409,-2.997393,6.172822,-0.086659,-0.058429,-4.104393,6.775577,-0.028846,-0.093457,-0.884480,-1.417792,-1.866271,-0.004451,-0.024701,-0.384648,-0.498270,0.004640,-0.184585
582,10.640000,-19.520651,9.953368,2.730113,19.546806,5.046242,3.555002,-3.423883,-2.424902,4.595271,-21.701746,6.865357,-1.527392,-3.105678,9.140717,-0.039889,0.286419,-4.416082,6.304187,-0.009608,-0.038133,-0.963239,-1.289377,-1.883410,0.000434,0.017256,-0.317355,-0.459920,0.001354,-0.203076
583,10.660000,-20.068539,11.158880,2.931420,20.558449,4.627570,3.628485,-3.398518,-2.146670,4.537937,-19.682384,8.234618,-0.685227,-2.244665,12.226493,0.029993,0.614502,-4.441369,5.852378,-0.004427,0.029271,-0.962255,-0.957331,-1.542544,-0.002642,0.040572,-0.203246,-0.360640,-0.002797,-0.181054
584,10.680000,-17.878391,9.588452,2.642698,21.052490,3.502485,3.721274,-3.373945,-1.515511,4.711740,-15.851503,7.675964,0.299023,-0.918850,15.053017,0.026131,0.638595,-3.977394,4.759747,-0.003783,0.038931,-0.860253,-0.538653,-0.945303,0.004235,0.036339,-0.102361,-0.192785,-0.024192,-0.139141
585,10.700000,-13.228237,5.508366,1.901104,20.581369,2.147876,3.985929,-3.663769,-0.791377,5.139657,-10.970629,6.180946,1.275925,0.685351,16.715912,0.008859,0.450633,-2.916176,3.055301,0.008891,0.020714,-0.612220,-0.091803,-0.207846,-0.006813,0.041727,-0.013414,0.015826,-0.046626,-0.086349
586,10.720000,-6.012414,-0.415095,1.579629,18.677086,-1.124582,4.100564,-4.225469,0.657388,5.150318,-4.652860,3.422962,2.675885,1.922581,16.401495,-0.132438,0.266509,-1.383611,-0.084417,0.023333,-0.014939,-0.228941,0.568633,0.379211,-0.014660,0.052644,0.143975,0.172570,-0.071092,0.006737
587,10.740000,-0.465618,-3.626723,3.851391,8.232056,-10.767041,-2.090882,-1.762809,4.444032,4.631518,4.023465,-20.644283,5.341249,1.673761,18.439220,-12.811781,1.679552,0.832965,-3.361342,5.616765,0.280809,0.337772,1.220473,0.086705,-0.013224,0.024051,0.310281,0.050123,-0.006300,0.182338
588,10.760000,1.086382,-1.971792,1.569874,0.101684,-16.053301,-5.869193,0.341543,8.239213,3.062290,6.244615,-30.548582,4.990058,2.025166,21.077364,-11.497753,3.227744,1.085048,-4.870873,-1.097661,0.519960,0.245049,0.929828,-0.498980,0.040603,0.000965,0.284718,-0.151263,0.153334,0.196506
589,10.780000,2.098686,-0.756547,0.337169,0.163803,-19.524897,-4.121270,0.648917,11.139051,1.042823,4.815392,-27.260075,3.538426,3.877516,17.496037,-11.122151,4.133690,-0.058243,-3.941823,-3.069276,0.940860,0.177260,0.447531,0.028851,-0.098813,0.002328,0.087965,-0.160399,0.132768,0.008632
590,10.800000,4.050894,-0.884230,-0.013148,2.420842,-19.569847,-3.133948,0.502813,11.898343,-0.479046,5.673520,-23.811371,2.490117,4.120629,12.306322,-11.048388,4.124078,-1.008708,-2.408026,-4.088398,1.106612,-0.075555,0.007630,0.467961,-0.049225,-0.023385,-0.070263,-0.008821,0.148968,-0.083218
591,10.820000,2.369601,-1.257862,-0.902575,3.908650,-21.167259,-3.828520,-0.466024,13.961645,0.858855,3.412326,-20.146875,1.890474,3.342912,3.271399,-8.854240,3.664392,-1.031336,-0.167164,-5.174520,0.976333,-0.105509,0.036188,0.735367,0.054402,-0.051306,0.007752,0.098491,0.103109,-0.061840
592,10.840000,-2.403584,1.563704,-2.080387,3.287848,-24.218992,-4.231913,-1.241939,15.087720,2.461436,-1.977901,-15.296237,1.295207,3.220250,-0.724907,-5.055396,2.902063,-0.623736,0.297174,-6.346094,0.708736,-0.097544,0.288730,0.934885,0.073734,0.057014,0.169454,0.194418,0.021447,0.025014
593,10.860000,-6.137786,5.753737,-2.476098,1.176341,-22.324343,-4.817879,-0.502146,13.688763,1.938443,-4.253907,-10.951818,0.489836,2.921439,-0.225379,-1.375248,1.584178,-0.829717,0.057838,-6.910557,0.280408,-0.369869,0.079474,0.527817,0.170348,0.165461,0.116470,0.082240,0.034340,0.051114
594,10.880000,-9.049004,8.567623,-1.775742,0.077586,-20.085291,-5.755021,-0.271585,11.980723,1.442246,-5.424571,-7.852329,-0.167051,1.947042,-0.145522,2.848336,0.632503,-0.980199,-0.079528,-7.310804,0.073472,-0.423784,-0.465472,0.010474,0.091687,0.104245,-0.060669,-0.026896,0.034991,0.013407
595,10.900000,-8.995701,8.792905,-1.711462,0.026331,-19.272741,-6.603238,-0.092226,11.645801,0.818474,-3.948402,-7.198905,-0.740981,1.091132,-0.123161,5.895176,0.361829,-0.863582,-0.111759,-7.744490,-0.053554,-0.269703,-0.838084,-0.343857,-0.014341,0.033362,-0.214634,-0.097684,0.053929,-0.039308
596,10.920000,-6.851375,7.424296,-2.131411,-0.436354,-19.912886,-6.679054,0.151573,11.622495,0.080597,-1.376577,-7.284069,-1.349837,0.740341,-0.075717,7.252730,0.817853,-0.817014,-0.106849,-8.145201,0.036369,-0.108652,-1.083446,-0.500232,-0.060138,-0.023127,-0.297809,-0.103317,0.057822,-0.079445
597,10.940000,-4.016345,5.024109,-2.118757,-0.684335,-21.102709,-6.311811,0.297052,10.460079,-0.497026,0.627264,-8.160206,-2.004291,0.680921,-0.074549,7.402038,1.527152,-0.812803,-0.079708,-8.177561,0.249372,-0.055855,-1.378617,-0.470445,-0.055706,-0.058654,-0.390699,-0.073424,0.081935,-0.113115
598,10.960000,-1.513220,1.525280,-2.510212,-0.774537,-21.533144,-5.940030,0.401781,9.627676,-0.248612,1.892307,-10.256365,-2.421194,0.439667,-0.121884,6.987826,1.857460,-0.951103,-0.063369,-8.173793,0.349803,-0.141771,-1.551284,-0.523568,-0.029816,-0.030093,-0.400462,-0.099599,0.113716,-0.104855
599,10.980000,0.198436,-1.755275,-2.650632,-1.448117,-21.103939,-5.957590,0.743805,8.685911,0.562382,2.776739,-12.504200,-2.418720,0.226133,-0.180775,6.668816,1.974935,-1.040097,-0.064493,-8.107181,0.367795,-0.225195,-1.502147,-0.654691,-0.016227,-0.014985,-0.364901,-0.142002,0.108209,-0.110888
600,11.000000,1.308579,-4.698413,-2.099099,-2.600242,-20.502445,-6.450034,1.289830,7.194418,1.662126,3.523442,-14.548385,-2.058155,-0.078191,-0.221182,6.953508,2.068992,-1.044856,-0.076994,-7.921658,0.379940,-0.232287,-1.325688,-0.840735,-0.019620,-0.019382,-0.332196,-0.187286,0.094105,-0.098734
601,11.020000,2.663243,-7.704162,-1.321267,-3.237046,-20.335796,-7.052298,1.490482,5.443173,2.669282,4.321943,-15.939406,-1.536026,-0.396365,-0.242833,8.239863,2.134425,-1.127048,-0.074289,-7.529186,0.341544,-0.230854,-1.161110,-1.010598,-0.008742,-0.031229,-0.298549,-0.221128,0.074834,-0.055056
602,11.040000,4.273608,-10.353905,-1.149610,-1.979848,-21.149166,-7.078956,0.839650,4.231915,3.196497,4.979507,-15.949519,-1.324883,-0.540143,-0.261961,10.140548,2.396842,-1.216636,-0.049857,-6.437687,0.352374,-0.227588,-1.072336,-1.096837,-0.000248,-0.059331,-0.259097,-0.239686,0.091838,-0.036340
603,11.060000,4.756724,-10.463218,-1.174796,-0.780585,-22.175432,-6.288337,0.382819,4.144510,3.092141,5.926939,-13.879086,-1.025308,-0.071701,-0.260993,12.467460,2.478149,-1.443702,-0.040761,-4.959774,0.329426,-0.315007,-0.899507,-0.787628,0.015852,-0.065207,-0.231878,-0.191769,0.083195,-0.006926
604,11.080000,4.100739,-8.410810,-1.648592,0.716548,-22.202299,-5.241769,-0.167632,4.570896,2.507821,5.692920,-10.099356,-0.601906,0.972054,-0.247131,15.075915,2.355919,-1.637120,-0.041210,-3.010833,0.363457,-0.383406,-0.722177,-0.272321,0.030608,-0.052386,-0.204639,-0.074826,0.058222,-0.018624
605,11.100000,3.655813,-5.761266,-4.707712,9.562099,-15.876124,0.176945,-5.408301,2.646425,1.504332,-16.904999,-0.298671,-0.904996,3.490032,-10.728213,18.974251,1.628853,-2.715250,-2.989672,-0.992351,0.214998,-0.645156,-0.875536,0.492753,0.058240,-0.025615,-0.198499,0.099838,0.010701,-0.060371
606,11.120000,8.920367,-6.856468,-6.014442,18.894018,-5.999510,7.480942,-11.146960,0.473596,1.095010,-26.312696,5.777568,0.343927,6.540011,-9.634606,20.589544,1.310766,-3.754525,0.801199,2.954906,0.196427,-0.725446,-1.020285,1.139875,0.043144,0.034612,-0.294129,0.158779,0.088224,-0.184157
607,11.140000,11.407550,-8.747354,-1.900393,21.025106,-4.911561,8.001717,-16.362282,0.550152,1.659413,-19.515139,1.988532,3.528519,6.449393,-5.555801,13.744165,1.286652,-3.311677,2.353520,2.535007,0.258151,-0.549898,-0.005545,1.431498,0.034123,0.081622,-0.180290,0.328781,0.099213,-0.184154
608,11.160000,9.793485,-9.016763,2.789721,20.695345,-3.785732,7.822761,-18.817980,0.853408,2.324135,-14.894794,-2.602812,4.376478,3.040980,-1.333233,3.253441,0.030461,-1.562679,3.300218,0.009209,-0.023137,-0.217699,0.919746,0.795509,0.013749,0.176233,0.236588,0.360730,-0.036815,0.062985
609,11.180000,9.622871,-9.497828,5.472687,21.553411,-1.813757,9.168042,-20.990732,0.626223,2.444025,-14.640643,-3.609795,5.121779,0.957800,2.688181,-0.652970,-0.618196,0.325178,4.302211,-0.145783,-0.034884,0.268842,1.299845,0.022950,-0.101810,0.054567,0.383398,0.167787,-0.096342,0.207723
610,11.200000,8.648669,-10.372517,3.798671,21.829943,-2.792510,9.679947,-17.267689,1.237535,3.206540,-13.563301,-5.383066,4.720815,0.166710,4.811895,-0.403032,0.571394,0.616316,4.160006,-0.091116,0.310960,0.359772,0.991532,-0.508820,-0.123918,-0.067739,0.262168,-0.109992,-0.015424,0.191077
611,11.220000,7.899064,-11.869473,0.788099,23.731136,-4.488664,9.471156,-13.489197,2.238075,4.084689,-13.162605,-6.756416,2.593561,0.511639,5.901398,-0.469833,2.442263,-1.074155,4.494820,-0.073945,0.667207,-0.058167,0.168899,-0.519517,-0.097056,-0.177122,0.072364,-0.164328,0.062351,-0.022089
612,11.240000,7.577935,-11.199685,1.814497,22.084921,-2.821124,8.633249,-14.128309,1.241771,3.147171,-13.144117,-4.558416,0.893084,-0.107768,4.845340,-0.402602,2.864562,-1.749695,5.558145,-0.034665,0.628105,-0.202632,-0.563676,-0.400093,0.010842,-0.118267,-0.061332,-0.021258,0.133569,-0.155026
613,11.260000,6.062056,-8.985809,1.243427,20.128120,0.207079,7.493331,-13.030839,-0.140455,1.924622,-14.323196,-1.727450,-0.315412,-0.356814,2.924214,-0.271327,1.948447,-1.788022,6.308244,0.009110,0.397696,-0.219572,-0.959719,-0.435993,0.032991,-0.019620,-0.185248,-0.070110,0.173725,-0.143190
614,11.280000,1.082386,-4.703191,0.319622,18.816534,2.149984,6.342338,-9.537380,-1.038870,1.926473,-15.401521,0.805989,-1.150514,-0.912390,2.025167,-0.206709,0.857982,-1.871678,6.572507,0.028905,0.200958,-0.374364,-1.081923,-0.776988,0.030550,0.021995,-0.250786,-0.217932,0.066137,-0.099458
615,11.300000,-5.078358,0.015484,1.030960,18.071726,3.113269,5.286011,-7.385042,-1.566117,2.481692,-17.490454,2.545977,-1.565815,-1.698679,2.327728,-0.187756,0.089759,-2.533960,6.779014,0.003991,0.021896,-0.559912,-1.185364,-1.166693,-0.003840,-0.020523,-0.297464,-0.315968,-0.010285,-0.093888
616,11.320000,-10.112616,3.514912,1.495033,18.495453,3.297274,4.643216,-5.948625,-1.618624,3.050261,-19.723783,3.639338,-1.858063,-2.342611,3.539733,-0.160261,-0.229812,-3.401429,6.796920,-0.037026,-0.080419,-0.740967,-1.343393,-1.542179,-0.020757,-0.048350,-0.356987,-0.436653,-0.008848,-0.134190
617,11.340000,-14.404785,6.203716,1.789187,19.373764,3.688623,4.293635,-4.703514,-1.819429,3.753769,-21.202091,4.894066,-2.109751,-2.818150,5.737448,-0.104023,-0.089731,-4.008300,6.672200,-0.039401,-0.086340,-0.866487,-1.487843,-1.816077,-0.009008,-0.029192,-0.405385,-0.500844,0.004902,-0.177037
618,11.360000,-18.387329,9.018958,2.416195,19.632950,4.610385,3.814319,-3.562332,-2.262448,4.377297,-21.508362,6.280802,-1.902174,-3.105702,8.634514,-0.067501,0.228693,-4.356104,6.423404,-0.019424,-0.042734,-0.946768,-1.447007,-1.903719,-0.000455,0.013187,-0.371355,-0.477527,0.003399,-0.194851
619,11.380000,-20.162205,11.072114,2.934990,20.203079,4.730465,3.659643,-3.265497,-2.246147,4.466446,-20.015244,7.940090,-0.981810,-2.595718,11.668222,0.008747,0.591403,-4.429564,6.034566,-0.007435,0.027504,-0.966078,-1.103827,-1.655452,-0.001955,0.042705,-0.248755,-0.382390,-0.004698,-0.179965
620,11.400000,-19.188511,10.730029,2.921820,20.816887,3.870243,3.771452,-3.183421,-1.724990,4.602825,-16.785076,8.107594,0.121612,-1.434333,14.647376,0.038992,0.723490,-4.102909,5.317640,-0.004434,0.054675,-0.894170,-0.642661,-1.160862,0.004463,0.036742,-0.125303,-0.244902,-0.017404,-0.151637
621,11.420000,-15.561635,7.490579,2.410157,20.628061,2.771137,3.891502,-3.309962,-1.137119,5.129883,-12.261774,6.865449,1.202654,0.084104,16.747194,0.020925,0.535803,-3.266307,3.915110,0.006167,0.031949,-0.696995,-0.150934,-0.449410,0.001758,0.036130,-0.017054,-0.055735,-0.037294,-0.102600
622,11.440000,-9.137872,1.790731,1.526043,19.496649,0.658049,4.099288,-3.740813,-0.094045,5.504545,-6.811240,4.566643,2.202256,1.642568,17.087139,-0.054428,0.252055,-1.951039,1.349856,0.024683,-0.020584,-0.372532,0.366255,0.239710,-0.011257,0.039454,0.100275,0.140435,-0.062559,-0.039505
623,11.460000,-1.390646,-2.239609,2.999321,13.863201,-6.990773,0.056641,-3.394749,0.905037,4.353405,0.630930,-12.624987,4.480056,2.232476,17.282104,-9.815058,0.912719,-0.030861,-1.570590,5.119854,0.098080,0.138884,0.962922,0.375017,-0.019862,0.058339,0.257267,0.143560,-0.068107,0.111746
624,11.480000,0.641630,-2.254703,3.071874,2.902025,-14.382556,-3.138651,0.123846,7.543544,3.404066,6.587235,-26.445181,5.754068,1.790683,20.295889,-17.268375,2.684270,1.224741,-4.535145,1.804776,0.468192,0.350002,1.338517,-0.280433,0.018344,-0.033206,0.356359,-0.064926,0.114175,0.232463
625,11.500000,1.037486,-0.879657,0.685710,-0.223204,-19.313784,-5.192989,0.429642,10.514947,1.982278,4.447131,-29.524889,4.060390,3.246994,18.934317,-11.514753,3.949263,0.502603,-4.386496,-1.837253,0.791866,0.179082,0.572175,-0.218564,-0.000102,0.024214,0.163494,-0.183817,0.169421,0.069451
626,11.520000,3.295282,-1.023456,0.461383,2.016874,-19.644249,-3.462121,0.581454,11.456899,0.243366,5.309270,-25.407495,2.947456,4.009931,14.042956,-11.851887,4.273108,-0.731261,-2.890654,-3.355493,1.106394,0.037566,0.167413,0.256544,-0.104102,-0.024193,-0.035876,-0.093906,0.127731,-0.069655
627,11.540000,3.648860,-1.213641,-0.575608,3.639267,-20.342485,-3.579690,-0.134728,13.059384,-0.177252,4.299730,-22.084534,1.960995,3.787578,7.119692,-11.176806,3.865904,-1.205360,-1.155609,-4.157136,1.041392,-0.160610,-0.044316,0.674608,0.016051,-0.027879,-0.046477,0.073584,0.134729,-0.086157
628,11.560000,-1.518216,0.673401,-1.137142,4.019931,-24.038691,-4.086238,-1.562773,15.458768,2.264411,-1.050116,-17.640049,1.659948,2.830284,-0.585922,-7.505954,3.199164,-0.534223,0.288894,-5.642105,0.834240,0.027200,0.251516,0.805653,0.051974,-0.031997,0.142941,0.150960,0.032562,0.006140
629,11.580000,-4.815201,3.980424,-2.120209,2.239756,-23.479113,-4.593757,-0.988946,14.600680,2.352470,-3.438919,-13.146040,0.927968,2.718620,-0.368698,-3.840787,2.048411,-0.626350,0.156668,-6.260439,0.411423,-0.242762,0.271305,0.554091,0.159948,0.150426,0.166180,0.094585,0.020021,0.049730
630,11.600000,-8.766980,8.121013,-1.792913,0.024693,-20.879164,-5.292379,-0.103153,12.518658,1.792128,-5.432968,-8.795307,0.109662,2.078720,-0.161456,0.817342,0.974347,-0.943972,-0.031134,-6.876770,0.172151,-0.432544,-0.246643,0.097920,0.122012,0.140858,0.026605,-0.015404,0.047050,0.024575
631,11.620000,-9.586912,9.267799,-1.705575,-0.246664,-19.272070,-6.174786,0.038738,11.694016,1.097220,-4.940203,-6.900994,-0.448321,1.330150,-0.136760,4.927195,0.515229,-0.981486,-0.090320,-7.245214,-0.007186,-0.361491,-0.716266,-0.253942,0.018536,0.074236,-0.164343,-0.087048,0.060306,-0.014330
632,11.640000,-8.130496,8.610356,-2.182618,-0.471125,-19.619556,-6.602198,0.213727,12.108047,0.296656,-2.504566,-6.725858,-1.009320,0.885005,-0.074803,7.112932,0.752345,-0.926903,-0.101120,-7.874314,-0.002427,-0.196703,-0.938954,-0.466186,-0.044400,0.008204,-0.256188,-0.111362,0.052732,-0.047011
633,11.660000,-5.460280,7.046832,-2.313309,-0.845942,-20.278725,-6.487996,0.341573,11.175073,-0.646377,-0.258882,-6.578903,-1.739135,0.933425,-0.049472,7.776979,1.366373,-0.892373,-0.077874,-7.979492,0.185015,-0.092009,-1.253875,-0.407506,-0.052918,-0.048696,-0.364403,-0.064421,0.063918,-0.105214
634,11.680000,-2.934404,4.177121,-2.559266,-0.977900,-21.161703,-6.034783,0.503738,10.312528,-0.841178,1.320857,-8.121179,-2.428396,0.742832,-0.079209,7.486467,1.792249,-0.879400,-0.065576,-8.011125,0.327073,-0.090004,-1.540156,-0.401845,-0.039981,-0.040649,-0.405537,-0.061580,0.106643,-0.108882
635,11.700000,-0.731270,0.651365,-2.862607,-0.894430,-21.089638,-5.856406,0.470346,9.507615,-0.315685,2.226883,-10.302437,-2.680789,0.449170,-0.146909,6.923818,1.875532,-0.938149,-0.058556,-7.939126,0.358738,-0.165838,-1.650227,-0.506522,-0.017183,-0.020331,-0.412420,-0.097604,0.117938,-0.099691
636,11.720000,0.522442,-2.411012,-2.690591,-1.514259,-20.913990,-6.145374,0.757534,8.368225,0.748987,2.896943,-12.587762,-2.439195,0.253419,-0.206049,6.796192,1.928578,-0.998111,-0.064966,-7.986011,0.363314,-0.222249,-1.500510,-0.675335,-0.018975,-0.011018,-0.370111,-0.145662,0.101199,-0.106880
637,11.740000,1.444805,-5.295702,-2.015532,-2.606560,-20.512102,-6.797363,1.295385,6.803740,2.038788,3.604610,-14.514403,-1.900300,-0.000222,-0.238661,7.405694,1.964940,-1.053329,-0.075710,-7.866245,0.354064,-0.231945,-1.261839,-0.844189,-0.023934,-0.018649,-0.325526,-0.186634,0.078615,-0.090590
638,11.760000,2.733864,-8.253964,-1.211376,-3.218406,-20.592480,-7.280039,1.483787,5.214441,3.123316,4.411189,-15.864618,-1.223419,-0.276104,-0.244057,8.826047,2.051501,-1.192859,-0.068683,-7.585734,0.307326,-0.243467,-1.037467,-0.970255,-0.013274,-0.031746,-0.270595,-0.214463,0.070170,-0.049533
639,11.780000,4.232737,-10.863363,-0.946354,-1.964451,-21.729933,-7.040007,0.861085,3.856812,3.702788,4.944184,-15.882016,-0.945296,-0.409902,-0.261164,10.815116,2.320747,-1.325237,-0.044535,-6.510283,0.329739,-0.251791,-0.910638,-1.036888,-0.000426,-0.062177,-0.217054,-0.226037,0.088558,-0.039491
640,11.800000,4.933749,-11.322033,-1.111235,-0.710593,-22.833645,-6.310059,0.352704,4.125895,3.650958,5.962986,-14.047636,-0.716913,-0.078938,-0.257605,12.872514,2.495280,-1.487362,-0.038536,-5.250509,0.343996,-0.320041,-0.787797,-0.800949,0.017920,-0.067696,-0.198939,-0.196122,0.082596,-0.015537
641,11.820000,4.340806,-9.432968,-1.579265,0.797622,-23.197168,-5.067073,-0.222095,4.302640,3.053746,5.780595,-10.396793,-0.455466,0.973528,-0.253277,15.551022,2.420013,-1.601199,-0.041192,-3.279243,0.379465,-0.373373,-0.672329,-0.286365,0.037693,-0.062398,-0.196353,-0.087314,0.053918,-0.013047
642,11.840000,2.913080,-6.318882,-4.483319,7.285948,-18.176361,-1.818821,-3.812850,2.757180,2.033348,-7.482708,-1.516762,-0.615825,3.150753,-4.492838,19.038614,1.876389,-2.329652,-1.245677,-0.956077,0.292477,-0.578051,-0.707656,0.510645,0.054287,-0.038897,-0.171138,0.101031,0.016518,-0.057308
643,11.860000,8.695920,-6.407062,-5.382047,17.716324,-7.013237,7.539055,-10.716588,0.620959,1.291122,-27.426825,5.998406,0.186113,6.505502,-8.385118,21.584518,1.371933,-3.705714,1.056282,3.172857,0.193058,-0.718516,-1.038684,1.100486,0.062124,0.039630,-0.269415,0.170503,0.068630,-0.147372
644,11.880000,12.037184,-8.743139,-2.505289,20.413107,-5.343905,8.232952,-15.566902,0.632884,1.269178,-19.312481,2.584371,3.493159,6.756288,-5.944389,15.798592,1.507143,-3.426737,2.255930,2.922209,0.309527,-0.549806,-0.090654,1.459886,0.031121,0.066210,-0.202225,0.301244,0.128673,-0.204650
645,11.900000,10.521522,-9.305088,2.063998,20.477634,-4.490800,7.800687,-18.259911,0.924433,2.120820,-14.332354,-2.362190,4.420844,3.493149,-1.948780,5.398024,0.279006,-1.716377,3.421022,0.119811,0.030172,-0.263723,0.874061,0.918288,0.012914,0.181571,0.216004,0.381899,-0.019396,0.032272
646,11.920000,9.800949,-9.760036,4.992368,21.111202,-2.052157,8.963501,-20.512053,0.733774,2.459880,-13.935751,-3.840923,4.791626,1.126231,2.217968,-0.640907,-0.629851,0.167291,4.447466,-0.170802,-0.072341,0.209930,1.244317,0.081133,-0.093586,0.073496,0.379751,0.198601,-0.105761,0.192912
647,11.940000,9.055477,-10.230673,4.258983,21.675177,-2.468798,9.771014,-18.057907,1.032017,2.988754,-13.016739,-5.017408,4.837652,0.350124,4.685805,-0.429979,0.202425,0.915669,4.402925,-0.095302,0.235713,0.431628,1.028919,-0.413410,-0.127015,-0.056424,0.283697,-0.059075,-0.029900,0.206458
648,11.960000,8.210233,-11.842481,0.835462,23.432302,-4.264597,9.555106,-13.330107,2.147682,4.011099,-12.086017,-6.885622,2.878620,0.671577,6.178666,-0.478499,2.150181,-0.712086,4.519755,-0.077977,0.629064,0.018007,0.250895,-0.493555,-0.100082,-0.160167,0.071446,-0.172332,0.053389,0.019087
649,11.980000,8.123203,-11.518606,1.487680,22.379251,-3.005845,8.815888,-13.704106,1.341908,3.179461,-11.996417,-4.939180,1.032511,0.157466,5.545118,-0.429667,2.849100,-1.660452,5.569124,-0.038751,0.643343,-0.186934,-0.515219,-0.329833,0.001411,-0.131121,-0.057478,-0.014928,0.119116,-0.136792
650,12.000000,7.219221,-9.707014,1.273301,20.308018,0.055243,7.686274,-13.217927,-0.100828,1.784768,-12.995054,-2.153123,-0.251255,-0.134450,3.597751,-0.300157,2.138962,-1.901457,6.341026,0.005670,0.437169,-0.237301,-0.960406,-0.344674,0.033379,-0.031381,-0.181345,-0.034353,0.173994,-0.145564
651,12.020000,2.355291,-5.429983,0.296448,18.959358,1.958442,6.371616,-9.629158,-0.964754,1.642421,-13.909019,0.363475,-1.124287,-0.755592,2.681988,-0.228843,1.071199,-1.986821,6.786101,0.030376,0.241478,-0.386315,-1.088476,-0.687968,0.029878,0.025756,-0.246903,-0.186212,0.087243,-0.106405
652,12.040000,-3.815225,-0.620984,0.986121,18.107012,3.003935,5.292347,-7.425314,-1.511714,2.136459,-15.907723,2.256660,-1.567821,-1.616159,2.824687,-0.204185,0.244440,-2.501992,7.029195,0.011036,0.057710,-0.553012,-1.180426,-1.109227,-0.004677,-0.011071,-0.288249,-0.297091,-0.001136,-0.094392
653,12.060000,-8.954302,2.988866,1.503120,18.460573,3.196934,4.684569,-6.056978,-1.562338,2.692544,-18.292887,3.403562,-1.862922,-2.299008,3.793034,-0.178621,-0.197639,-3.299966,6.871612,-0.031440,-0.069991,-0.717622,-1.335017,-1.513341,-0.025569,-0.046180,-0.348557,-0.430241,-0.007172,-0.128255
654,12.080000,-13.268081,5.735461,1.857628,19.462540,3.449805,4.364695,-4.923708,-1.701970,3.315148,-19.930717,4.711277,-2.148842,-2.885165,5.751062,-0.114195,-0.138366,-3.864906,6.776677,-0.039079,-0.092969,-0.830447,-1.500960,-1.840801,-0.012846,-0.031568,-0.414422,-0.515330,0.002465,-0.169160
655,12.100000,-17.503839,8.693956,2.455494,19.965799,4.262448,3.858586,-3.743611,-2.129810,3.874989,-20.610924,6.112358,-2.164498,-3.400539,8.528263,-0.064277,0.165933,-4.229887,6.626441,-0.022920,-0.051720,-0.908227,-1.550364,-2.030315,0.000786,0.004614,-0.412226,-0.525084,0.008624,-0.190701
656,12.120000,-20.345913,11.458804,3.100030,20.455378,4.616348,3.514848,-3.027478,-2.228312,4.057527,-19.794399,7.789911,-1.385916,-3.159658,11.538934,0.008923,0.543580,-4.383610,6.350080,-0.014430,0.017179,-0.954870,-1.275605,-1.885137,0.000331,0.036602,-0.303757,-0.446137,-0.001919,-0.181431
657,12.140000,-20.342392,11.900285,3.290919,20.967289,4.042637,3.570229,-3.010124,-1.849035,4.300547,-17.200628,8.415912,-0.214680,-2.067885,14.500141,0.065698,0.769635,-4.154319,5.819906,-0.012151,0.063057,-0.909785,-0.803926,-1.428897,0.007776,0.036377,-0.164717,-0.313747,-0.011061,-0.161092
658,12.160000,-17.645813,9.324541,2.940732,20.933420,3.040456,3.698705,-3.051568,-1.280604,4.998771,-13.196920,7.346816,0.996426,-0.570120,16.699894,0.032715,0.624645,-3.521901,4.662798,-0.004835,0.039156,-0.757307,-0.264022,-0.750376,0.009265,0.029214,-0.035244,-0.139614,-0.026986,-0.121067
659,12.180000,-11.918122,3.909355,1.927159,20.091440,1.738022,3.898966,-3.418882,-0.612918,5.705806,-8.227431,5.405170,1.962303,1.213440,17.341869,-0.011618,0.263845,-2.394970,2.568911,0.020556,-0.015397,-0.477740,0.229730,0.064527,-0.010709,0.035893,0.069783,0.080289,-0.047387,-0.070217
660,12.200000,-4.204042,-1.009992,2.199901,17.256672,-2.555232,2.075316,-3.654979,-2.175794,5.179378,-2.728254,-4.801177,3.640069,2.524835,16.682695,-6.229453,0.341067,-0.782071,-0.629826,4.312392,-0.019497,-0.062827,0.807544,0.556897,-0.021004,0.046196,0.211369,0.208383,-0.077448,0.038928
661,12.220000,0.810743,-4.290180,3.450560,7.935667,-10.817274,-2.249581,-1.450729,4.576505,4.601806,5.386846,-20.989811,5.950642,2.225967,19.036150,-13.462727,1.869740,1.122905,-3.563503,5.922549,0.334401,0.415663,1.454844,0.189976,-0.010066,0.014563,0.383273,0.044519,0.010301,0.221058
662,12.240000,0.780310,-1.257174,1.336149,-0.999736,-17.747564,-6.624703,0.551127,9.681920,2.978855,6.290375,-32.394028,5.268412,2.514014,20.763502,-11.172920,3.651979,1.182917,-4.855280,-0.256980,0.608342,0.233331,1.039930,-0.495706,0.056825,-0.013203,0.329497,-0.149231,0.170081,0.185751
663,12.260000,2.017665,-0.347539,0.536284,0.355253,-21.185511,-4.388202,0.643000,11.969122,0.961824,4.935533,-27.137009,3.628927,4.279717,16.116203,-11.889754,4.432501,-0.413404,-3.615173,-2.096007,1.062797,0.103140,0.474142,0.185833,-0.100574,-0.009836,0.067287,-0.139258,0.136375,-0.035411
664,12.280000,4.160602,-0.614179,-0.114624,2.887647,-21.927505,-3.344488,0.463562,13.367600,-0.575267,5.800743,-23.893745,2.512671,4.515061,9.967829,-11.698806,4.368075,-1.397604,-1.833494,-3.265653,1.176492,-0.171722,0.037880,0.662429,-0.047363,-0.011915,-0.050058,0.047472,0.163481,-0.115610
665,12.300000,0.783035,-0.608696,-0.691182,4.237328,-23.730680,-4.061652,-1.440210,15.071075,1.523245,0.321552,-19.288315,1.883970,3.271677,-0.409642,-8.783427,3.671592,-0.838015,0.323138,-4.872029,0.987414,-0.055525,0.104301,0.859351,0.048980,-0.048840,0.032091,0.159460,0.084215,-0.041396
666,12.320000,-3.296633,2.272354,-1.943339,2.895375,-25.174675,-3.998751,-1.270303,15.134077,2.560428,-3.061123,-14.483223,1.086413,2.903073,-0.785052,-4.605830,2.751001,-0.622971,0.263865,-6.001704,0.647526,-0.146620,0.262941,0.799512,0.117231,0.096800,0.178570,0.159494,0.012612,0.039895
667,12.340000,-7.866108,7.560332,-2.066817,0.302027,-22.114754,-4.797496,-0.029510,12.973262,1.672738,-5.456079,-9.529211,0.096707,2.300977,-0.199606,-0.073866,1.381726,-0.836183,0.024204,-6.695241,0.265033,-0.377462,-0.136223,0.279959,0.160863,0.167456,0.077785,0.016760,0.046381,0.050592
668,12.360000,-10.148884,10.043999,-1.811168,-0.690522,-19.425837,-5.691042,0.165581,11.830064,1.018238,-5.957705,-6.190345,-0.417017,1.438826,-0.157163,4.774603,0.520697,-0.946502,-0.085836,-7.072638,0.031276,-0.390329,-0.667661,-0.221299,0.064554,0.100967,-0.126690,-0.098072,0.052608,0.007417
669,12.380000,-9.358534,10.023264,-2.139310,-0.719288,-18.679510,-6.382668,0.302342,11.927701,0.218923,-3.801697,-5.275885,-0.899371,0.933393,-0.092570,7.798943,0.506667,-0.898014,-0.108889,-7.560076,-0.057196,-0.247416,-0.926465,-0.460312,-0.030593,0.023006,-0.248353,-0.132582,0.055256,-0.041603
670,12.400000,-7.105288,9.075977,-2.471045,-0.969816,-19.286774,-6.442126,0.368870,11.825953,-0.794931,-1.156886,-4.775913,-1.528140,0.907018,-0.033089,8.928962,1.162572,-0.913678,-0.095464,-7.865181,0.104134,-0.118274,-1.162090,-0.451388,-0.055626,-0.033826,-0.333815,-0.086441,0.062641,-0.086077
671,12.420000,-4.324027,6.774013,-2.554218,-1.076403,-20.664434,-6.034629,0.554505,10.807088,-1.415113,0.921053,-5.578321,-2.330870,0.926695,-0.024301,8.718694,1.775319,-0.812823,-0.076298,-7.872782,0.305722,-0.041223,-1.469094,-0.344954,-0.043206,-0.055074,-0.407179,-0.037557,0.092239,-0.108739
672,12.440000,-1.696832,3.057300,-2.840335,-0.695688,-21.111650,-5.753251,0.386659,9.764957,-1.137550,1.932761,-7.794994,-2.775717,0.608021,-0.100180,7.939269,1.883304,-0.819193,-0.057123,-7.849628,0.369623,-0.101121,-1.694602,-0.412700,-0.017180,-0.030279,-0.435268,-0.070130,0.121502,-0.094695
673,12.460000,0.067771,-0.469209,-2.940208,-0.817773,-20.964571,-5.968543,0.405449,8.775453,-0.198380,2.557096,-10.271919,-2.692498,0.376881,-0.185889,7.365430,1.819187,-0.887236,-0.054578,-7.845577,0.353244,-0.189007,-1.632813,-0.578564,-0.013411,-0.005346,-0.403448,-0.118147,0.106670,-0.102335
674,12.480000,0.882912,-3.378830,-2.470001,-1.811288,-20.550779,-6.658871,0.891999,7.553592,1.184405,3.177804,-12.616373,-2.166738,0.203348,-0.241676,7.388528,1.801443,-0.968896,-0.065403,-7.844421,0.334761,-0.226034,-1.368019,-0.762161,-0.028561,-0.010307,-0.345931,-0.170597,0.081788,-0.108089
675,12.500000,2.010295,-6.512847,-1.589712,-2.989158,-20.344881,-7.393592,1.413603,5.861310,2.534330,4.040744,-14.601299,-1.452424,-0.103652,-0.254925,8.149439,1.851538,-1.092078,-0.070747,-7.826098,0.295467,-0.234073,-1.102116,-0.922549,-0.027630,-0.021063,-0.292282,-0.209789,0.061534,-0.069328
676,12.520000,3.458894,-9.507910,-1.061391,-2.799043,-20.822021,-7.589268,1.238502,4.435191,3.482543,4.739622,-15.567338,-0.928455,-0.313604,-0.256135,9.771023,2.070027,-1.280816,-0.053091,-7.283684,0.272907,-0.253612,-0.918646,-1.009023,-0.015437,-0.049943,-0.234203,-0.224844,0.074774,-0.040266
677,12.540000,4.735935,-11.362231,-0.997736,-1.264450,-22.233854,-7.022553,0.568377,3.597513,3.757232,5.489215,-14.834373,-0.829623,-0.292960,-0.262043,11.912092,2.405978,-1.452952,-0.034925,-6.050398,0.324617,-0.288654,-0.835422,-0.966049,0.003019,-0.070837,-0.198848,-0.217168,0.090619,-0.032976
678,12.560000,4.830019,-10.631143,-1.371170,0.010470,-23.036945,-5.793120,0.076020,3.910171,3.382517,5.987143,-12.078759,-0.652754,0.455215,-0.265312,14.269887,2.472952,-1.613333,-0.035848,-4.471050,0.343408,-0.370525,-0.734474,-0.538361,0.030458,-0.069787,-0.199273,-0.146009,0.071340,-0.010732
679,12.580000,4.359043,-8.168191,-2.259400,2.368948,-21.839014,-4.644682,-0.830888,4.071065,2.463244,5.426769,-7.238368,-0.381978,1.821063,-0.257483,17.028833,2.266028,-1.780450,-0.034604,-2.281068,0.377215,-0.435348,-0.631758,0.086516,0.043400,-0.053523,-0.183693,0.011156,0.039099,-0.034786
680,12.600000,5.648034,-6.152582,-6.013617,14.298757,-11.590962,2.479737,-8.875832,1.209538,1.609544,-21.246275,4.503847,-0.617745,5.410372,-13.794142,20.671047,1.406801,-3.338500,-3.022987,-0.115168,0.150613,-0.767306,-1.004502,1.051624,0.081901,-0.008008,-0.239841,0.197373,-0.002986,-0.084489
681,12.620000,11.596138,-8.525758,-5.153083,18.958630,-5.391829,8.987177,-12.786673,0.860969,0.951357,-24.237156,3.987095,1.547784,7.127734,-8.521767,19.104239,1.389054,-3.788697,0.693072,2.940835,0.250157,-0.654377,-0.724585,1.370473,0.025651,0.057882,-0.286124,0.208379,0.145798,-0.245677
682,12.640000,11.412475,-9.184782,0.074248,20.613483,-4.002671,8.354559,-17.091677,0.251387,1.805895,-16.940432,-0.198822,4.236265,5.376718,-5.100423,9.168205,1.049531,-2.821321,1.474156,1.952799,0.262998,-0.459515,0.368076,1.303122,0.015264,0.133537,-0.041124,0.387008,0.044987,-0.086872
683,12.660000,9.588856,-9.727121,4.039160,20.094473,-2.158746,8.725797,-19.037792,0.707183,2.612577,-13.911279,-3.860592,4.391823,1.729403,0.056999,-0.532071,-0.296775,-0.741674,2.494065,-0.145822,-0.042271,-0.024427,1.073647,0.428373,0.007514,0.144075,0.357614,0.289065,-0.048973,0.136488
684,12.680000,10.142677,-10.071236,5.864872,21.582747,-1.505131,10.010021,-20.770241,0.488507,2.489246,-13.596586,-3.839224,5.512036,0.373432,4.198662,-0.564844,-0.497597,0.710046,3.344609,-0.115890,0.058231,0.373533,1.309760,-0.230066,-0.109057,-0.000109,0.383111,0.079046,-0.078871,0.213252
685,12.700000,9.297116,-11.469166,2.804413,22.257944,-3.207730,9.786057,-16.023249,1.554572,3.333935,-12.269392,-6.078389,4.341093,0.037623,6.155228,-0.385876,1.202379,0.215802,3.318181,-0.078181,0.429183,0.256208,0.807562,-0.649661,-0.117055,-0.111516,0.204975,-0.180655,0.014085,0.126166
686,12.720000,8.717743,-11.864373,1.405660,23.229588,-4.016346,9.323748,-14.247746,1.954272,3.372370,-12.290468,-5.988593,2.393730,0.249155,6.051977,-0.464967,2.593604,-1.398090,4.319640,-0.046961,0.633698,-0.140435,0.056870,-0.538142,-0.072753,-0.167705,0.062994,-0.137891,0.071568,-0.071640
687,12.740000,8.520391,-11.169986,1.692835,21.690205,-1.740009,8.441344,-14.535195,0.729399,2.301524,-12.992254,-3.558248,0.592757,-0.074030,4.170173,-0.358297,2.609926,-1.940014,5.468575,-0.006762,0.533260,-0.258617,-0.656771,-0.411770,0.013367,-0.081849,-0.103548,-0.038272,0.136170,-0.152552
688,12.760000,4.953997,-7.650255,0.646910,20.258390,0.763435,7.064178,-11.811946,-0.410642,1.623889,-14.346202,-0.967243,-0.705531,-0.339216,2.447942,-0.245896,1.637699,-1.885349,6.269221,0.024492,0.336452,-0.293317,-1.010293,-0.508253,0.025292,0.015734,-0.218724,-0.116982,0.147111,-0.130304
689,12.780000,-0.892628,-2.975003,0.517045,18.510202,2.435776,5.785188,-8.551578,-1.279371,1.942140,-15.606503,1.336103,-1.451221,-1.118868,1.802373,-0.201454,0.688571,-1.991621,6.868179,0.025369,0.168260,-0.418057,-1.157763,-0.867826,0.020382,0.017109,-0.278111,-0.234289,0.035847,-0.090703
690,12.800000,-6.574718,1.211031,1.234011,17.795069,3.062243,5.135122,-6.822386,-1.536410,2.528015,-18.029593,2.661828,-1.810517,-1.926360,2.105214,-0.190902,0.003484,-2.733376,6.776794,-0.016529,0.002701,-0.584693,-1.293080,-1.279889,-0.011223,-0.037006,-0.328334,-0.353516,-0.006799,-0.099923
691,12.820000,-11.255759,4.312378,1.555187,18.628178,3.280813,4.702267,-5.542436,-1.592665,3.104138,-20.181023,3.873129,-2.076160,-2.575786,3.579332,-0.150982,-0.221802,-3.544432,6.737107,-0.048176,-0.089596,-0.756451,-1.461239,-1.657755,-0.020215,-0.048643,-0.394257,-0.474849,-0.005279,-0.145335
692,12.840000,-15.653289,7.127401,1.909224,19.557987,3.910028,4.259556,-4.380473,-1.939264,3.800421,-21.603830,5.320012,-2.313551,-3.066054,5.920555,-0.093168,-0.039103,-4.122043,6.706890,-0.039705,-0.083383,-0.886264,-1.591934,-1.916638,-0.009334,-0.020263,-0.431839,-0.520427,0.008636,-0.180900
693,12.860000,-19.420408,10.093117,2.560740,19.950960,4.654851,3.753878,-3.377728,-2.289466,4.272192,-21.690460,6.915080,-1.953467,-3.175079,8.770787,-0.039215,0.310034,-4.445278,6.528573,-0.020839,-0.031987,-0.971111,-1.480164,-1.932822,-0.003230,0.022396,-0.373214,-0.472548,0.002487,-0.192216
694,12.880000,-20.720966,11.761656,2.963602,20.640068,4.494713,3.655452,-3.129475,-2.127118,4.412763,-19.927641,8.289425,-0.911049,-2.404041,11.739628,0.038735,0.689750,-4.420213,6.146666,-0.012571,0.045426,-0.973262,-1.079230,-1.590310,-0.001545,0.042208,-0.238438,-0.355332,-0.004737,-0.175059
695,12.900000,-19.465054,10.850983,2.922777,21.005552,3.556422,3.727351,-3.077641,-1.566883,4.804636,-16.510817,8.001403,0.272585,-1.166647,14.504327,0.044840,0.756466,-3.969006,5.392521,-0.011224,0.063222,-0.868581,-0.574485,-1.042357,0.008197,0.033004,-0.108491,-0.207873,-0.017562,-0.143643
696,12.920000,-15.429238,6.955582,2.371923,20.597567,2.372378,3.833098,-3.239078,-0.954455,5.578564,-11.806363,6.464966,1.470392,0.403583,16.318697,0.004916,0.478268,-3.055331,3.815411,0.001469,0.024884,-0.644199,-0.025791,-0.295981,0.000524,0.033435,0.014310,-0.016322,-0.036267,-0.093554
697,12.940000,-8.626543,0.921653,1.458471,19.444078,0.312608,4.035325,-3.826389,0.044997,5.971817,-6.347320,4.198868,2.551276,2.005461,16.485495,-0.070145,0.179516,-1.725889,1.160006,0.024944,-0.033312,-0.316167,0.529162,0.401151,-0.013735,0.038216,0.140509,0.176848,-0.062677,-0.029947
698,12.960000,-1.070004,-2.964434,2.931971,13.335376,-7.533942,-0.516657,-3.085242,1.438708,4.936510,1.329625,-13.476151,4.912019,2.512091,17.130367,-10.779564,1.041600,0.200590,-1.745260,5.592013,0.144221,0.203732,1.116242,0.479515,-0.020591,0.056778,0.298715,0.166532,-0.059464,0.133524
699,12.980000,0.534218,-1.917586,2.443321,2.102362,-14.597378,-3.898721,-0.013207,8.726446,3.696622,6.773437,-27.893141,5.952189,2.091493,20.290245,-16.048651,2.900500,1.346552,-4.530845,2.253156,0.495225,0.353178,1.401001,-0.229224,0.025102,-0.029372,0.385874,-0.046738,0.121608,0.238402
700,13.000000,0.840709,-0.610484,0.701974,-0.136067,-19.341928,-5.302579,0.330144,10.821756,2.043518,4.346674,-29.085812,4.190637,3.512805,18.513981,-11.683337,4.042391,0.392013,-4.303332,-1.798169,0.835501,0.175305,0.637059,-0.143188,-0.011176,0.021764,0.173351,-0.177070,0.161894,0.057427
701,13.020000,3.168780,-0.705967,0.478223,2.150698,-19.788431,-3.573828,0.534810,11.724514,0.154489,5.233593,-25.115774,2.993834,4.056996,13.538740,-11.969634,4.321333,-0.898165,-2.765726,-3.383880,1.119419,-0.006656,0.195830,0.281713,-0.098176,-0.017656,-0.019595,-0.086573,0.131473,-0.078772
702,13.040000,3.163912,-0.901597,-0.554661,3.746347,-20.497177,-3.746573,-0.170866,13.252670,-0.068304,3.854971,-21.700912,1.893075,3.618707,6.171247,-11.143428,3.856845,-1.241885,-0.859627,-4.442443,1.041313,-0.169737,-0.042912,0.659034,0.021635,-0.034686,-0.037779,0.071662,0.128286,-0.091596
703,13.060000,-2.047143,1.143337,-1.159770,3.956006,-24.442551,-4.031865,-1.522043,15.580819,2.298508,-1.408171,-17.264122,1.475700,2.710987,-0.632891,-7.343612,3.137392,-0.567927,0.289272,-5.865212,0.823470,0.009063,0.214737,0.783156,0.053785,-0.028206,0.140062,0.146969,0.032755,0.002203
704,13.080000,-5.060216,4.442586,-2.155031,2.101297,-23.367558,-4.604373,-0.906690,14.337930,2.096027,-3.680692,-12.712953,0.657748,2.573669,-0.306393,-3.688066,1.913140,-0.677066,0.136869,-6.547867,0.382153,-0.272433,0.158225,0.479099,0.169445,0.152885,0.134107,0.075809,0.024349,0.043437
705,13.100000,-8.728177,8.234778,-1.868170,0.017925,-20.628910,-5.356108,-0.144827,12.416389,1.533593,-5.530834,-8.597890,-0.146970,1.911130,-0.162549,0.934419,0.862593,-0.968200,-0.037722,-6.912629,0.147387,-0.439188,-0.389976,0.021725,0.115781,0.134437,-0.019233,-0.033396,0.047740,0.018227
706,13.120000,-9.157621,9.006104,-1.841942,-0.157890,-19.253071,-6.242005,0.003820,11.732553,0.851551,-4.683500,-7.084541,-0.712674,1.208025,-0.130115,4.824281,0.498632,-0.993424,-0.089979,-7.277092,-0.018149,-0.353694,-0.834225,-0.304513,0.009639,0.065790,-0.202733,-0.097662,0.061036,-0.019609
707,13.140000,-7.530155,8.204499,-2.327096,-0.404990,-19.839638,-6.608971,0.183833,12.168705,0.056211,-2.129264,-7.015992,-1.275541,0.810174,-0.061798,6.844184,0.808143,-0.920450,-0.097794,-7.932801,0.009878,-0.184818,-1.044272,-0.494702,-0.047033,0.003263,-0.286734,-0.117173,0.053625,-0.050773
708,13.160000,-4.796754,6.536857,-2.437245,-0.775696,-20.612440,-6.430021,0.325861,11.154768,-0.867955,0.077412,-6.974448,-2.015965,0.870072,-0.038487,7.402897,1.424188,-0.861531,-0.073865,-8.014173,0.204744,-0.078988,-1.357036,-0.427606,-0.053503,-0.051974,-0.391665,-0.068894,0.067631,-0.108477
709,13.180000,-2.376928,3.575377,-2.723936,-0.861759,-21.372747,-5.971777,0.457443,10.330431,-0.935868,1.507910,-8.646745,-2.670257,0.673756,-0.079505,7.066307,1.802956,-0.852310,-0.061369,-8.050999,0.335956,-0.087336,-1.632411,-0.427074,-0.039752,-0.039453,-0.426392,-0.069900,0.111902,-0.109520
710,13.200000,-0.347603,0.099575,-2.968493,-0.834145,-21.216791,-5.828681,0.442189,9.354172,-0.293267,2.284981,-10.849130,-2.853895,0.424758,-0.151668,6.542244,1.858655,-0.913230,-0.055664,-8.006344,0.358212,-0.165645,-1.709398,-0.522680,-0.017393,-0.017397,-0.425302,-0.103087,0.118242,-0.099938
711,13.220000,0.716889,-2.818339,-2.810786,-1.544651,-20.828543,-6.185205,0.764182,8.404263,0.855871,2.932483,-13.089286,-2.530222,0.288484,-0.209694,6.437143,1.915021,-0.982902,-0.064681,-8.009154,0.359370,-0.218369,-1.530629,-0.672473,-0.020014,-0.009274,-0.379619,-0.145459,0.099625,-0.104570
712,13.240000,1.539375,-5.613834,-2.101701,-2.700976,-20.314869,-6.870048,1.336062,6.882873,2.191350,3.638858,-14.942984,-1.902518,0.056327,-0.238602,7.102975,1.948867,-1.052298,-0.076152,-7.983185,0.344678,-0.227705,-1.264333,-0.826589,-0.024033,-0.017287,-0.329192,-0.182103,0.076810,-0.084584
713,13.260000,2.746229,-8.507751,-1.210958,-3.290552,-20.411747,-7.345706,1.514636,5.192647,3.304188,4.420512,-16.226383,-1.148422,-0.235398,-0.243064,8.634097,2.035611,-1.207119,-0.067765,-7.692347,0.294760,-0.242562,-1.011441,-0.950203,-0.012873,-0.030552,-0.265064,-0.208486,0.069453,-0.042875
714,13.280000,4.163632,-10.988404,-0.928235,-2.000752,-21.534718,-7.131415,0.878165,3.951140,3.880313,4.982425,-16.082766,-0.824528,-0.387331,-0.258886,10.670755,2.321896,-1.347666,-0.043838,-6.618814,0.322002,-0.254131,-0.867525,-1.019334,-0.000446,-0.062817,-0.205719,-0.218751,0.087651,-0.035547
715,13.300000,4.810127,-11.367699,-0.918941,-0.704951,-22.967564,-6.235502,0.371356,3.783005,3.793650,5.977433,-14.202644,-0.571310,-0.041276,-0.256387,13.007011,2.480250,-1.535943,-0.037826,-5.285940,0.341188,-0.331049,-0.718916,-0.776541,0.019720,-0.068520,-0.183368,-0.188665,0.080271,-0.013169
716,13.320000,4.269735,-9.421937,-1.479643,0.802757,-23.271711,-5.043023,-0.227456,4.285074,3.147708,5.781438,-10.462856,-0.258309,0.996799,-0.249640,15.576962,2.403289,-1.628553,-0.040778,-3.416447,0.377152,-0.378951,-0.596265,-0.275768,0.038422,-0.063534,-0.177560,-0.084728,0.052256,-0.015642
717,13.340000,2.795022,-6.306740,-4.481725,7.364252,-18.235966,-1.714643,-3.851186,2.734488,2.151235,-7.635855,-1.463274,-0.497521,3.218053,-4.526793,19.055820,1.873999,-2.349304,-1.254288,-1.034772,0.296978,-0.584196,-0.655240,0.533609,0.055261,-0.039468,-0.156114,0.105298,0.013879,-0.059500
718,13.360000,8.779903,-6.428945,-5.274639,17.625238,-6.934052,7.706905,-10.749778,0.659616,1.303642,-27.359390,5.963553,0.331306,6.519111,-8.429475,21.540281,1.382089,-3.687199,1.210643,3.133818,0.201488,-0.709450,-0.992880,1.106493,0.061790,0.041597,-0.258319,0.168484,0.070249,-0.149737
719,13.380000,11.941889,-8.726376,-2.593195,20.323702,-5.291778,8.261116,-15.402347,0.641209,1.318110,-19.289738,2.603329,3.500288,6.754623,-6.078297,15.843219,1.542926,-3.356245,2.722844,2.879563,0.322407,-0.537759,-0.086529,1.476983,0.029395,0.068017,-0.193016,0.306799,0.133293,-0.200830
720,13.400000,10.376256,-9.220841,1.992525,20.375488,-4.508764,7.775926,-18.023581,0.932296,2.129971,-14.287813,-2.383497,4.358365,3.459733,-2.144788,5.537884,0.335846,-1.654020,3.835250,0.123329,0.043620,-0.254992,0.845159,0.913364,0.013361,0.182088,0.206593,0.380134,-0.017345,0.035514
721,13.420000,9.440609,-9.512299,4.963338,20.922037,-1.997751,8.920804,-20.266455,0.716057,2.459212,-14.108218,-3.797634,4.690463,1.035057,2.009749,-0.635881,-0.594213,0.213496,4.887583,-0.170363,-0.069119,0.218685,1.208270,0.062793,-0.091686,0.073210,0.372313,0.194172,-0.105438,0.192693
722,13.440000,8.784827,-9.871655,4.488920,21.736568,-2.250612,9.802162,-18.189007,0.929040,2.924012,-13.361086,-4.763103,4.890215,0.237379,4.716213,-0.416233,0.188499,0.970283,5.054580,-0.095348,0.232794,0.449615,1.033106,-0.437872,-0.124504,-0.060936,0.284209,-0.059850,-0.030578,0.205567
723,13.460000,8.064919,-11.636496,0.992571,23.355196,-4.186645,9.519650,-13.525654,2.113161,3.952239,-12.281317,-6.771420,2.964718,0.549840,6.178489,-0.461264,2.143247,-0.672122,4.909496,-0.081115,0.633271,0.029925,0.273505,-0.552138,-0.096180,-0.156938,0.072264,-0.195105,0.057452,0.023452
724,13.480000,8.152616,-11.532036,1.512642,22.430014,-3.099771,8.741351,-13.824718,1.396526,3.181225,-11.995502,-4.992331,1.123405,0.115988,5.574954,-0.429919,2.872104,-1.713646,5.892341,-0.042924,0.651680,-0.203405,-0.477931,-0.378071,-0.000941,-0.129797,-0.050632,-0.034056,0.118819,-0.137658
725,13.500000,7.403301,-9.878777,1.394095,20.287228,-0.117011,7.488694,-13.477754,-0.021774,1.781300,-12.826033,-2.265652,-0.154896,-0.186494,3.489936,-0.304088,2.183572,-1.960850,7.030512,0.003487,0.445470,-0.257333,-0.918069,-0.361987,0.030769,-0.030446,-0.167576,-0.035670,0.172195,-0.150088
726,13.520000,2.751973,-5.726838,0.349869,18.859852,1.851824,6.223467,-9.988096,-0.885736,1.576426,-13.912874,0.209928,-1.073697,-0.746420,2.460470,-0.232204,1.098526,-2.009763,7.369909,0.031646,0.243954,-0.395322,-1.058769,-0.678646,0.026773,0.028209,-0.234551,-0.181858,0.089234,-0.110405
727,13.540000,-3.454391,-0.837900,1.041679,18.052349,3.047633,5.233166,-7.724137,-1.522943,2.051100,-16.040522,2.176910,-1.524749,-1.597668,2.497459,-0.203974,0.237917,-2.474636,7.392293,0.015995,0.053523,-0.546521,-1.160638,-1.095105,-0.004002,-0.008229,-0.281591,-0.291958,-0.001208,-0.094361
728,13.560000,-8.758819,2.904663,1.556376,18.525219,3.333679,4.644665,-6.318408,-1.630493,2.612568,-18.717455,3.393063,-1.817324,-2.295629,3.324936,-0.178859,-0.233439,-3.269120,7.256066,-0.026710,-0.079634,-0.706684,-1.323332,-1.504490,-0.023670,-0.048291,-0.344843,-0.426067,-0.008647,-0.126426
729,13.580000,-13.333395,5.791977,1.882032,19.591703,3.618076,4.245204,-5.140867,-1.782939,3.311878,-20.583078,4.760444,-2.089401,-2.879235,5.122428,-0.110226,-0.178713,-3.862062,7.155098,-0.036185,-0.102778,-0.828742,-1.485820,-1.837011,-0.010738,-0.035913,-0.411915,-0.514361,0.000615,-0.168286
730,13.600000,-17.675100,8.708144,2.459999,20.033306,4.389772,3.761373,-3.942990,-2.179958,4.011099,-21.334257,6.152925,-2.121313,-3.353715,7.877417,-0.057500,0.150224,-4.239555,6.903330,-0.020053,-0.056457,-0.913413,-1.530951,-2.017733,0.004005,0.000837,-0.408292,-0.518476,0.006188,-0.193861
731,13.620000,-20.320843,11.229232,3.074063,20.533247,4.712251,3.434588,-3.362008,-2.267536,4.262583,-20.417595,7.783651,-1.370506,-3.064051,11.023089,0.012667,0.545105,-4.388619,6.446724,-0.011581,0.018550,-0.954486,-1.260533,-1.853616,0.002464,0.037330,-0.300167,-0.437752,-0.002624,-0.185217
732,13.640000,-19.995012,11.434026,3.150251,21.222513,4.017342,3.497859,-3.266020,-1.830888,4.447680,-17.655910,8.297898,-0.243684,-1.941938,14.173710,0.057798,0.759562,-4.172244,5.807006,-0.011452,0.061732,-0.908590,-0.806588,-1.387754,0.006851,0.039030,-0.166147,-0.307733,-0.010506,-0.161982
733,13.660000,-17.070042,8.800878,2.784843,21.258492,2.963138,3.603703,-3.346087,-1.244419,5.023829,-13.464702,7.226910,0.965508,-0.442006,16.610750,0.025958,0.618670,-3.534716,4.548623,-0.004436,0.041044,-0.759752,-0.274596,-0.704575,0.005915,0.033940,-0.041049,-0.130057,-0.028238,-0.118580
734,13.680000,-11.435496,3.636140,1.822489,20.446421,1.575818,3.842535,-3.694387,-0.524243,5.599006,-8.426912,5.359722,1.949095,1.285376,17.419880,-0.014572,0.313378,-2.376698,2.408264,0.019755,-0.004986,-0.477134,0.223520,0.070828,-0.013069,0.038628,0.066164,0.085002,-0.048576,-0.066624
735,13.700000,-3.630898,-1.128115,2.369804,17.210081,-3.316172,1.832676,-4.009911,-1.764575,4.952690,-2.402917,-5.676190,3.748764,2.421421,16.708227,-6.792706,0.450204,-0.703488,-1.121794,4.567509,0.000033,-0.039765,0.826404,0.510271,-0.022850,0.051313,0.218006,0.198457,-0.076929,0.050587
736,13.720000,0.843084,-4.179256,3.590671,7.386029,-11.311197,-2.345841,-1.481216,4.991755,4.442120,5.513149,-21.755640,5.898525,1.979624,19.425028,-13.655457,1.987558,1.134019,-3.848295,5.951073,0.352799,0.405583,1.435323,0.064711,-0.004597,0.002570,0.378546,0.015979,0.030517,0.224762
737,13.740000,0.911779,-1.506984,1.402098,-0.857692,-17.390678,-6.273934,0.519511,9.412749,2.844023,5.935780,-31.896000,4.981434,2.384830,20.902763,-11.334401,3.628743,1.053408,-4.853919,-0.800793,0.625778,0.217234,0.948396,-0.530223,0.050660,-0.004144,0.301092,-0.173628,0.170542,0.163532
738,13.760000,2.116662,-0.519148,0.430398,0.493760,-20.646893,-4.023832,0.684590,11.744323,0.899528,4.802549,-26.987778,3.409188,4.157523,16.209620,-11.778504,4.364548,-0.472723,-3.581809,-2.602659,1.069223,0.105217,0.391017,0.192952,-0.115500,-0.007375,0.046196,-0.135072,0.131461,-0.045057
739,13.780000,4.096104,-0.787776,-0.194869,2.878101,-21.581553,-3.167354,0.417438,13.092304,-0.463421,5.628686,-23.665041,2.435640,4.422004,10.016405,-11.569053,4.261427,-1.360538,-1.833190,-3.603255,1.151268,-0.164094,0.005898,0.668980,-0.037195,-0.018126,-0.059752,0.054026,0.160032,-0.104644
740,13.800000,0.594550,-0.716920,-0.916406,4.181789,-23.464575,-4.030299,-1.466259,15.245018,1.750234,0.278996,-19.177301,1.911140,3.292628,-0.421158,-8.467897,3.560209,-0.801619,0.323599,-5.069442,0.947622,-0.049576,0.129977,0.873907,0.054507,-0.048216,0.041278,0.163233,0.071608,-0.027364
741,13.820000,-3.608719,2.362678,-2.240273,2.707495,-24.798925,-4.165542,-1.204294,15.317751,2.775821,-3.093512,-14.392566,1.093284,3.038152,-0.759201,-4.399120,2.631454,-0.660424,0.257874,-6.079607,0.596135,-0.171450,0.278274,0.821151,0.121356,0.107932,0.181077,0.166537,0.009539,0.042688
742,13.840000,-8.130645,7.595553,-2.183970,0.368028,-21.959620,-4.881960,-0.058934,13.122962,1.890211,-5.416247,-9.497874,0.121726,2.439033,-0.196092,0.114052,1.277464,-0.863739,0.013711,-6.807621,0.228018,-0.394422,-0.125527,0.318668,0.159378,0.162443,0.080355,0.029141,0.043464,0.046008
743,13.860000,-10.270661,9.997123,-1.866639,-0.521001,-19.415514,-5.806420,0.078406,12.033513,1.159083,-5.831862,-6.427934,-0.453810,1.534571,-0.151174,4.753350,0.454933,-0.933579,-0.095511,-7.185952,0.013109,-0.386731,-0.667642,-0.178990,0.060908,0.093492,-0.128551,-0.081202,0.048460,0.001094
744,13.880000,-9.489435,10.032811,-2.197401,-0.737138,-18.657568,-6.465832,0.290126,12.161152,0.297773,-3.678041,-5.634429,-0.973443,1.009313,-0.101287,7.703530,0.487155,-0.888251,-0.119260,-7.644862,-0.048753,-0.238423,-0.951483,-0.427618,-0.032189,0.016896,-0.255452,-0.120233,0.055876,-0.048485
745,13.900000,-7.202982,8.993542,-2.490896,-1.071382,-19.235245,-6.513919,0.404985,11.895324,-0.682580,-1.101494,-5.170506,-1.607160,0.961661,-0.052796,8.636150,1.201410,-0.911765,-0.104862,-7.975083,0.126371,-0.110000,-1.215092,-0.424003,-0.056148,-0.038523,-0.350162,-0.077199,0.068009,-0.090153
746,13.920000,-4.296895,6.393764,-2.497553,-1.081219,-20.527166,-6.070866,0.546090,10.629608,-1.223184,0.892377,-6.169178,-2.321596,0.902513,-0.052504,8.356462,1.790638,-0.842510,-0.081863,-8.026702,0.309762,-0.051466,-1.489598,-0.351446,-0.040325,-0.053147,-0.414145,-0.042154,0.097076,-0.104392
747,13.940000,-1.612034,2.539762,-2.804112,-0.747459,-20.858635,-5.841298,0.404438,9.563024,-0.877396,1.940210,-8.450385,-2.688344,0.561941,-0.122886,7.551393,1.868628,-0.883266,-0.061317,-8.063132,0.356404,-0.123735,-1.658684,-0.441271,-0.016158,-0.027680,-0.423674,-0.077667,0.119255,-0.093498
748,13.960000,0.098188,-0.900997,-2.799489,-1.247265,-20.614180,-6.085411,0.623261,8.533376,0.057115,2.717757,-10.985455,-2.534537,0.295036,-0.197455,7.021437,1.835374,-0.916365,-0.061383,-8.026967,0.346342,-0.200305,-1.548091,-0.632745,-0.017813,-0.009081,-0.376707,-0.135005,0.102377,-0.108506
749,13.980000,1.043885,-3.897465,-2.136546,-2.442895,-20.146969,-6.762016,1.201769,7.017979,1.366624,3.448376,-13.285721,-2.009863,-0.013515,-0.244068,7.135555,1.855872,-0.953604,-0.073767,-7.960821,0.340877,-0.220273,-1.296557,-0.844653,-0.029891,-0.016680,-0.327599,-0.190246,0.080581,-0.102666
750,14.000000,2.439448,-7.143430,-1.298541,-3.371032,-20.034077,-7.428881,1.540153,5.362276,2.553221,4.345844,-15.116540,-1.352815,-0.349450,-0.257905,8.202225,1.954114,-1.096406,-0.072304,-7.738228,0.301267,-0.231949,-1.080076,-1.018228,-0.021365,-0.028758,-0.283682,-0.229051,0.062993,-0.058335
751,14.020000,4.081289,-10.079607,-1.084485,-2.191352,-20.922609,-7.432487,0.933683,4.046400,3.237577,4.946455,-15.494198,-1.139149,-0.501321,-0.270402,9.956799,2.285111,-1.251972,-0.045883,-6.748078,0.317965,-0.238835,-0.991466,-1.105122,-0.010203,-0.061943,-0.242064,-0.244426,0.087183,-0.039138
752,14.040000,4.783904,-10.662237,-1.109563,-0.823841,-22.224976,-6.669888,0.406659,3.907470,3.246207,5.937354,-13.856925,-0.958959,-0.139477,-0.264921,12.222792,2.467080,-1.502155,-0.035527,-5.448734,0.318205,-0.325187,-0.866599,-0.841941,0.009890,-0.068949,-0.222029,-0.203982,0.086250,-0.013740
753,14.060000,4.376572,-8.994053,-1.686538,0.632795,-22.535017,-5.477554,-0.137699,4.397729,2.693973,5.782687,-10.403201,-0.686554,0.918963,-0.253510,14.801729,2.394400,-1.682984,-0.037201,-3.615740,0.358222,-0.394725,-0.750819,-0.314185,0.031591,-0.059963,-0.211028,-0.088170,0.062910,-0.022886
754,14.080000,3.174928,-6.411553,-4.814528,7.819752,-17.523596,-1.599369,-4.170562,2.633302,1.801432,-11.187151,-1.624107,-0.947827,3.180967,-6.541807,18.273823,1.764780,-2.522670,-1.425591,-1.197382,0.257367,-0.624170,-0.825761,0.489819,0.057003,-0.034073,-0.197541,0.098660,0.017804,-0.066719
755,14.100000,8.332068,-6.782267,-6.272992,18.109072,-6.504883,6.711826,-11.138333,0.808908,1.176744,-25.550854,5.818046,0.074885,6.451889,-11.882799,20.941696,1.295534,-3.786178,0.525800,0.699333,0.167679,-0.758277,-1.108653,1.140255,0.060239,0.034920,-0.297729,0.161415,0.069203,-0.165307
756,14.120000,11.726994,-8.689505,-2.329746,20.701818,-4.853886,8.254196,-15.817984,0.491598,1.445418,-19.778000,2.435001,3.485259,6.670632,-5.710145,14.871924,1.392096,-3.512431,1.457367,1.696339,0.287775,-0.581635,-0.092091,1.441227,0.035189,0.066949,-0.211465,0.294295,0.116027,-0.208522
757,14.140000,10.151154,-9.168581,2.355454,20.263454,-3.991971,8.014397,-18.198935,0.795359,2.301690,-14.270211,-2.401901,4.472038,3.373937,-1.108002,4.412714,0.185852,-1.841053,2.238425,0.073470,0.026696,-0.289703,0.889877,0.905807,0.022029,0.177421,0.223077,0.386430,-0.026679,0.047229
758,14.160000,9.902825,-9.778864,5.237586,20.832355,-1.847661,9.328362,-20.293776,0.631185,2.449918,-13.651382,-3.869825,5.085161,1.068251,3.469859,-0.642339,-0.655126,0.073059,3.123328,-0.143163,-0.056028,0.194695,1.311392,0.087568,-0.092495,0.066840,0.390928,0.197569,-0.103413,0.197254
759,14.180000,8.879824,-10.311119,4.267812,21.418226,-2.544053,9.892711,-17.506212,1.081453,3.089038,-12.546254,-5.166580,4.956106,0.125219,6.105947,-0.408229,0.315621,0.693179,2.941825,-0.087442,0.259915,0.382667,1.079417,-0.469312,-0.128677,-0.055673,0.285064,-0.069310,-0.031709,0.195450
760,14.200000,8.218775,-11.832791,1.049876,23.115318,-4.270928,9.696798,-13.398516,2.131529,3.921750,-11.965062,-6.788983,2.952044,0.463210,7.478881,-0.472192,2.249072,-0.909282,3.137342,-0.067754,0.640665,-0.019925,0.291977,-0.548040,-0.099839,-0.169889,0.093917,-0.175619,0.055509,-0.004334
761,14.220000,7.950294,-11.259154,1.722772,22.304325,-2.950773,8.977901,-13.827853,1.295503,3.091598,-11.916146,-4.618751,1.217503,0.050876,6.812009,-0.412048,2.806827,-1.736530,4.269326,-0.030104,0.630734,-0.198880,-0.445491,-0.370195,0.002195,-0.129327,-0.033596,-0.033910,0.122807,-0.145561
762,14.240000,6.658166,-9.159611,1.100238,20.520208,-0.026409,7.835878,-12.798145,-0.068694,1.752865,-13.150972,-1.904580,-0.178371,-0.071122,4.736739,-0.284470,2.077999,-1.838194,5.755713,0.010358,0.422476,-0.236988,-0.917462,-0.338322,0.036502,-0.032331,-0.168361,-0.043066,0.174439,-0.146374
763,14.260000,1.807297,-4.921638,0.039318,18.988375,1.856028,6.601855,-9.074804,-0.940047,1.620247,-14.183775,0.476002,-1.168247,-0.611114,3.188035,-0.216843,1.084329,-1.841448,6.544159,0.026793,0.246906,-0.357449,-1.104144,-0.638234,0.028232,0.024196,-0.254504,-0.173897,0.086681,-0.097951
764,14.280000,-4.368332,-0.203777,0.888195,17.861517,2.865742,5.547325,-7.059988,-1.485688,2.169359,-16.342716,2.272891,-1.593297,-1.466829,2.669419,-0.188387,0.270976,-2.305379,6.831292,0.004532,0.072789,-0.499328,-1.203090,-1.026615,-0.004456,-0.006993,-0.301471,-0.273713,0.003732,-0.084211
765,14.300000,-9.496443,3.202371,1.402518,18.197109,3.159369,4.958207,-5.848216,-1.561381,2.849546,-19.021118,3.431326,-1.859375,-2.217998,3.002090,-0.155920,-0.208710,-3.097408,6.811691,-0.040186,-0.069656,-0.665558,-1.358927,-1.456757,-0.021165,-0.046388,-0.362444,-0.419127,-0.008752,-0.120056
766,14.320000,-13.716975,5.603809,1.613304,19.317038,3.369611,4.582656,-4.960526,-1.641047,3.634715,-20.973095,4.682482,-2.203154,-2.818048,4.562374,-0.099781,-0.177655,-3.756565,6.751679,-0.049634,-0.106167,-0.804857,-1.525861,-1.813107,-0.010858,-0.036694,-0.421554,-0.516240,-0.000797,-0.163215
767,14.340000,-17.835037,8.257679,2.181706,19.963358,4.127741,3.980797,-3.880790,-2.057518,4.384114,-21.571518,6.002127,-2.220629,-3.237592,7.186837,-0.071170,0.130565,-4.198154,6.553440,-0.031632,-0.067393,-0.910874,-1.557510,-1.977584,-0.002559,0.003409,-0.408524,-0.510102,0.002132,-0.181196
768,14.360000,-20.227266,10.634548,2.876789,20.554789,4.455793,3.614511,-3.377019,-2.175699,4.612577,-20.342285,7.627920,-1.424299,-2.917928,10.358266,-0.009504,0.529055,-4.378432,6.244156,-0.017899,0.008057,-0.965749,-1.264055,-1.796862,-0.003074,0.039838,-0.293491,-0.412554,-0.008055,-0.172494
769,14.380000,-20.033396,10.996083,3.098456,21.124832,3.879508,3.620933,-3.257283,-1.785535,4.774393,-17.473122,8.093475,-0.248324,-1.869213,13.644455,0.034974,0.774474,-4.193048,5.726760,-0.013037,0.067187,-0.927856,-0.792015,-1.346523,0.000910,0.040935,-0.157150,-0.283219,-0.011211,-0.158425
770,14.400000,-17.550449,8.810822,2.913746,21.024797,2.886846,3.671098,-3.226773,-1.231196,5.323270,-13.369272,7.127505,1.010825,-0.510586,16.191900,0.008293,0.635632,-3.623903,4.596599,-0.004555,0.048515,-0.786937,-0.248154,-0.710859,0.001662,0.034576,-0.029963,-0.123043,-0.025572,-0.119407
771,14.420000,-12.145992,3.940580,2.056901,20.169220,1.612413,3.826253,-3.488574,-0.579582,5.877869,-8.358020,5.435799,2.066671,1.168701,17.049749,-0.011024,0.313059,-2.527824,2.556160,0.020792,0.000803,-0.514996,0.264719,0.058200,-0.014997,0.040894,0.079848,0.082506,-0.045159,-0.074710
772,14.440000,-4.532117,-0.738846,2.405633,17.485815,-2.588943,2.148951,-3.642237,-2.168554,5.202645,-2.847433,-4.304637,3.718478,2.430620,16.477793,-5.861112,0.364603,-0.918909,-0.645539,4.112715,-0.014570,-0.095512,0.846136,0.527727,-0.018863,0.047006,0.221781,0.205318,-0.077143,0.028401
773,14.460000,0.544435,-3.935135,3.547712,8.039257,-11.033232,-2.351454,-1.556100,4.648555,4.605400,5.340466,-20.732885,6.013889,2.127368,19.011621,-13.541779,1.840625,1.038633,-3.583328,6.014698,0.325537,0.402377,1.493221,0.160107,-0.005274,0.013610,0.395263,0.038745,0.006425,0.212191
774,14.480000,0.539581,-0.602150,1.441512,-1.128154,-18.176208,-6.814937,0.268184,9.846604,2.917258,6.201896,-32.855026,5.396796,2.373017,20.837404,-11.596823,3.607753,1.184454,-4.876173,-0.070474,0.600914,0.237373,1.066100,-0.536365,0.059961,-0.016083,0.342587,-0.157531,0.167841,0.183306
775,14.500000,1.861311,0.012849,0.733456,0.308045,-21.457661,-4.633282,0.558721,11.971034,0.822932,4.844858,-27.480549,3.736333,4.147727,16.176725,-12.212637,4.381005,-0.398747,-3.629149,-1.857466,1.052531,0.107209,0.485079,0.121102,-0.098481,-0.008110,0.066142,-0.158445,0.132106,-0.033717
776,14.520000,4.194295,-0.488524,-0.032302,2.930159,-22.174463,-3.521950,0.450575,13.247943,-0.709179,5.766640,-24.102638,2.509975,4.421434,9.971525,-12.125097,4.338381,-1.407227,-1.817317,-3.026464,1.160058,-0.178963,0.024089,0.600426,-0.044311,-0.010526,-0.053259,0.033352,0.163664,-0.116151
777,14.540000,0.944703,-0.624049,-0.723195,4.356342,-23.925669,-4.114782,-1.484740,15.174115,1.360859,0.310074,-19.578741,1.778639,3.200814,-0.404934,-9.263000,3.641762,-0.897151,0.322192,-4.811238,0.974014,-0.072336,0.061716,0.821858,0.050964,-0.052715,0.021356,0.150533,0.084858,-0.047762
778,14.560000,-3.272089,2.255277,-1.917448,3.042744,-25.393343,-3.984031,-1.341778,15.398424,2.465236,-3.053221,-15.010864,0.965852,2.733454,-0.767906,-5.258709,2.721334,-0.631502,0.263551,-5.998325,0.642655,-0.146640,0.208404,0.736569,0.117295,0.089472,0.165352,0.141576,0.011172,0.035074
779,14.580000,-7.862593,7.442921,-2.064097,0.376590,-22.160580,-4.773892,-0.069540,13.292006,1.638007,-5.420117,-10.233814,-0.045806,2.099649,-0.205610,-0.815168,1.354650,-0.783969,0.025944,-6.627614,0.261730,-0.359749,-0.190222,0.203164,0.158884,0.164708,0.066283,-0.002681,0.042166,0.048323
780,14.600000,-10.095165,9.962266,-1.835752,-0.715870,-19.337292,-5.692222,0.179018,12.029221,0.949736,-5.903362,-6.774625,-0.565991,1.309920,-0.160646,3.911253,0.507212,-0.889986,-0.086783,-7.012895,0.028547,-0.373175,-0.726974,-0.279701,0.064609,0.100518,-0.143603,-0.113576,0.051794,0.007832
781,14.620000,-9.215084,9.913874,-2.168431,-0.770954,-18.635014,-6.379796,0.336282,12.057707,0.114990,-3.736092,-5.824705,-1.028319,0.856300,-0.090968,6.983510,0.516407,-0.873297,-0.110792,-7.518535,-0.058302,-0.240945,-0.981447,-0.496874,-0.030102,0.025951,-0.265555,-0.144043,0.056495,-0.038215
782,14.640000,-6.932263,8.963240,-2.521745,-1.001533,-19.260817,-6.455955,0.387198,11.983139,-0.907322,-1.108094,-5.316711,-1.631199,0.860620,-0.030449,8.136633,1.178219,-0.901515,-0.095605,-7.823425,0.106468,-0.117374,-1.205140,-0.475740,-0.054688,-0.032411,-0.348501,-0.095474,0.063346,-0.082989
783,14.660000,-4.214457,6.690741,-2.621199,-1.107119,-20.555386,-6.055319,0.575004,10.983961,-1.484174,0.935764,-6.107402,-2.412879,0.918578,-0.023231,7.911737,1.772729,-0.802247,-0.074536,-7.830126,0.304437,-0.041370,-1.499030,-0.353475,-0.043385,-0.055316,-0.415964,-0.042384,0.092906,-0.109093
784,14.680000,-1.685287,3.035090,-2.925395,-0.775573,-20.951054,-5.784313,0.428731,9.988418,-1.156945,1.911989,-8.383663,-2.841565,0.637949,-0.098927,7.031667,1.866418,-0.808582,-0.055120,-7.868039,0.364418,-0.099380,-1.716565,-0.402366,-0.019026,-0.029912,-0.439386,-0.068222,0.121500,-0.095112
785,14.700000,0.031519,-0.502600,-3.021546,-0.863357,-20.718653,-5.970482,0.421690,9.026854,-0.167435,2.506348,-10.927921,-2.740306,0.435585,-0.182682,6.361079,1.813506,-0.870134,-0.052800,-7.843012,0.352026,-0.184179,-1.652265,-0.550310,-0.015496,-0.006043,-0.406588,-0.110416,0.107308,-0.099444
786,14.720000,0.797945,-3.374642,-2.560588,-1.855118,-20.302740,-6.648473,0.906530,7.839675,1.250771,3.121544,-13.289827,-2.186156,0.292980,-0.236529,6.374227,1.811751,-0.951276,-0.064436,-7.822127,0.336527,-0.221076,-1.377428,-0.719483,-0.029401,-0.010189,-0.347771,-0.158276,0.081538,-0.105537
787,14.740000,1.836479,-6.438327,-1.639080,-3.048660,-20.137444,-7.368662,1.459221,6.095974,2.625449,3.950999,-15.298924,-1.439789,-0.007896,-0.251563,7.187448,1.863163,-1.077044,-0.070788,-7.869203,0.300425,-0.229636,-1.092510,-0.876632,-0.029608,-0.018714,-0.290672,-0.195800,0.062502,-0.068232
788,14.760000,3.184099,-9.393802,-0.985003,-3.009835,-20.602451,-7.633266,1.347510,4.641862,3.643159,4.653820,-16.321524,-0.811264,-0.262430,-0.254076,8.844460,2.065394,-1.286493,-0.053629,-7.394869,0.273592,-0.255009,-0.878049,-0.978776,-0.017559,-0.044292,-0.226319,-0.215431,0.073061,-0.037577
789,14.780000,4.509958,-11.409962,-0.868663,-1.362975,-22.144587,-7.092839,0.614772,3.723116,3.984774,5.380056,-15.691007,-0.660921,-0.297316,-0.260405,11.065079,2.414319,-1.461880,-0.033191,-6.186805,0.331115,-0.285965,-0.775056,-0.974310,0.000593,-0.070243,-0.181619,-0.213707,0.091090,-0.034828
790,14.800000,4.745275,-10.919578,-1.169195,-0.063166,-23.327112,-5.922874,0.109703,4.000182,3.676214,5.998610,-13.076324,-0.464551,0.360216,-0.261103,13.448483,2.497532,-1.629853,-0.033439,-4.748216,0.348817,-0.371196,-0.661924,-0.585284,0.028508,-0.069415,-0.176998,-0.154004,0.072266,-0.012404
791,14.820000,4.234683,-8.609665,-1.900977,1.890224,-22.781229,-4.750674,-0.633652,4.308701,2.825755,5.558054,-8.721405,-0.196331,1.588054,-0.243215,16.146494,2.323617,-1.730182,-0.036942,-2.610378,0.391583,-0.416857,-0.567694,-0.014179,0.040895,-0.054359,-0.168758,-0.015179,0.043446,-0.033806
792,14.840000,4.790773,-5.774765,-4.946801,12.227118,-14.096147,2.395240,-7.166162,2.035714,1.696128,-19.079374,2.750219,-0.641709,4.636699,-13.654581,20.579092,1.446922,-3.053410,0.095198,-0.821320,0.174492,-0.702843,-0.875368,0.825646,0.075875,-0.014533,-0.196143,0.159992,0.001439,-0.074307
793,14.860000,10.767214,-8.065456,-5.554681,19.164019,-4.903522,8.725622,-12.446119,0.871715,1.168761,-25.386156,5.136799,1.307421,6.988612,-8.405820,20.657528,1.369942,-3.833539,0.778616,1.305740,0.249465,-0.681966,-0.835582,1.279353,0.029006,0.048852,-0.293523,0.184689,0.118572,-0.216177
794,14.880000,11.890471,-9.378120,-1.051688,20.987724,-4.149258,8.205590,-16.838614,0.421300,1.835800,-17.642345,0.921795,4.117849,6.000051,-5.276005,11.697618,1.229335,-3.027870,1.830731,1.912481,0.274411,-0.503267,0.252677,1.405858,0.034250,0.112459,-0.084464,0.372856,0.076032,-0.132580
795,14.900000,9.845419,-9.333490,3.289940,20.188347,-2.632109,8.393299,-18.697531,0.783348,2.392700,-13.819025,-2.920307,4.338694,2.365284,-0.604344,0.434685,-0.093921,-1.128408,2.515931,-0.071030,-0.039797,-0.129142,1.030646,0.610207,0.014114,0.163511,0.320977,0.329506,-0.043969,0.100049
796,14.920000,9.879266,-9.256382,5.671712,21.686464,-1.441009,9.871365,-20.864870,0.479056,2.114004,-14.123797,-3.420820,5.228579,0.761776,3.314230,-0.685851,-0.526321,0.594638,3.772159,-0.127055,0.033176,0.330510,1.288970,-0.046916,-0.104111,0.020711,0.396311,0.138860,-0.082367,0.209810
797,14.940000,8.599183,-10.334839,3.242013,22.137024,-3.120054,9.841127,-16.366306,1.427912,3.028733,-13.051313,-5.654189,4.329818,0.108783,5.038777,-0.367457,0.916991,0.554726,3.958515,-0.093687,0.395915,0.347478,0.812428,-0.562565,-0.113027,-0.086731,0.206939,-0.143249,0.008947,0.169047
798,14.960000,7.773465,-11.377247,0.943721,23.853237,-4.477079,9.458948,-13.661744,2.190440,3.650548,-13.185480,-6.296627,2.244632,0.323010,5.354864,-0.448792,2.541870,-1.033921,4.849193,-0.070271,0.662325,-0.047277,-0.004623,-0.544203,-0.085313,-0.177110,0.029913,-0.154226,0.068603,-0.036949
799,14.980000,7.795011,-11.102664,1.718926,22.071764,-2.414781,8.512088,-14.376075,1.049866,2.737909,-13.511519,-4.101655,0.548062,-0.248678,3.469529,-0.374424,2.769715,-1.696324,6.308905,-0.031021,0.582778,-0.200704,-0.712359,-0.458269,0.012292,-0.097078,-0.123118,-0.039888,0.132792,-0.145108
800,15.000000,5.349766,-8.379107,1.273868,20.071609,0.434982,7.059093,-13.064202,-0.237447,1.841539,-15.053157,-1.390937,-0.489064,-0.593034,1.287231,-0.250570,1.797992,-1.750928,7.103029,0.013604,0.365362,-0.224982,-0.994012,-0.553532,0.021747,0.003688,-0.211254,-0.112802,0.168791,-0.131100
801,15.020000,-0.070022,-3.907753,0.869158,18.325943,2.411367,5.832729,-9.890982,-1.176403,2.017860,-16.600178,1.057776,-1.125622,-1.354114,0.048198,-0.201127,0.721398,-1.924201,7.215097,0.032048,0.167488,-0.391602,-1.056381,-0.959631,0.020062,0.023190,-0.246446,-0.266706,0.047493,-0.091759
802,15.040000,-6.035778,0.499633,1.450960,17.742544,3.310084,4.988843,-7.860973,-1.632090,2.622699,-19.049433,2.628708,-1.539255,-2.198806,0.323015,-0.190534,-0.060858,-2.725791,7.058267,0.001065,-0.031693,-0.593445,-1.160093,-1.380396,-0.011572,-0.035076,-0.283153,-0.383016,-0.014105,-0.103999
803,15.060000,-10.919703,3.819505,1.589104,18.771221,3.497417,4.552283,-6.301364,-1.689679,3.157944,-21.436319,3.765628,-2.026039,-2.767825,1.927056,-0.160403,-0.336127,-3.646641,6.980434,-0.039273,-0.128719,-0.793043,-1.385110,-1.741697,-0.025243,-0.056792,-0.359679,-0.496422,-0.010054,-0.153172
804,15.080000,-15.343079,6.605292,1.669658,20.055059,3.929485,4.140172,-4.860147,-1.952923,3.865466,-22.884045,5.145586,-2.512693,-3.059519,4.515724,-0.096421,-0.087735,-4.222384,7.003201,-0.040339,-0.095054,-0.919741,-1.626574,-1.942454,-0.011958,-0.026261,-0.434934,-0.530235,0.007339,-0.189038
805,15.100000,-19.088669,9.418193,2.331172,20.415266,4.559608,3.683846,-3.908827,-2.268640,4.462277,-22.685261,6.634594,-2.274085,-3.055783,7.622360,-0.046611,0.325537,-4.475327,6.754224,-0.023488,-0.021051,-0.975704,-1.597154,-1.906598,-0.000903,0.024644,-0.406681,-0.465902,0.001190,-0.195040
806,15.120000,-20.596378,11.225326,2.754776,21.070364,4.496341,3.509558,-3.437479,-2.160031,4.658074,-20.786278,8.035086,-1.205234,-2.346069,11.138211,0.027326,0.730389,-4.406573,6.345895,-0.014272,0.062511,-0.960915,-1.216029,-1.559504,0.001495,0.050574,-0.282665,-0.347280,-0.005250,-0.172638
807,15.140000,-19.610991,10.751861,2.847062,21.455368,3.642659,3.637814,-3.396881,-1.620766,4.947361,-17.398359,7.980728,0.083983,-1.183622,14.357007,0.042298,0.829684,-4.002657,5.599159,-0.011941,0.085300,-0.870659,-0.682571,-1.051856,0.008424,0.040949,-0.144257,-0.211359,-0.013714,-0.143984
808,15.160000,-16.230412,7.586912,2.521551,21.175865,2.537017,3.651497,-3.481889,-1.038285,5.627858,-12.793030,6.702757,1.443020,0.238893,16.522243,0.003935,0.594259,-3.187161,3.985493,0.001230,0.052801,-0.677282,-0.072982,-0.376158,0.000912,0.036118,0.000096,-0.040746,-0.030609,-0.095642
809,15.180000,-10.142121,2.189145,1.570343,20.233391,0.814182,3.875521,-3.793848,-0.198037,6.065409,-7.563611,4.758575,2.512936,1.852944,16.937906,-0.043627,0.301856,-1.940549,1.508916,0.027861,-0.005341,-0.373764,0.488034,0.321034,-0.014937,0.036838,0.132642,0.152484,-0.053375,-0.040476
810,15.200000,-2.514030,-2.764410,3.314316,15.957326,-5.248889,1.462859,-3.447598,0.001738,5.144984,-0.650119,-7.742119,4.515665,2.526947,16.709538,-5.505615,0.713821,-0.210080,-1.536348,2.826284,0.086308,0.092824,1.127771,0.570861,-0.019860,0.054974,0.293501,0.204357,-0.067168,0.095906
811,15.220000,0.234230,-2.896439,3.379849,4.902797,-13.615255,-2.627295,-0.578335,7.048369,4.173865,5.997155,-24.265598,6.029259,2.031258,20.004240,-15.147016,2.459354,1.223033,-4.442798,6.414757,0.444926,0.377282,1.525432,-0.076597,0.014684,-0.020726,0.415620,-0.006445,0.087764,0.235636
812,15.240000,0.848676,-1.705650,1.097427,-0.312989,-16.719406,-5.651625,0.393658,9.163376,2.673094,4.701912,-30.716370,4.395872,2.586901,20.432440,-12.269357,3.647722,0.634625,-4.699756,-1.526938,0.683829,0.153129,0.715517,-0.463034,0.026303,0.022727,0.219949,-0.212189,0.164401,0.095176
813,15.260000,2.586484,-0.581653,0.590932,1.232391,-19.712095,-3.651859,0.621368,11.256618,0.496705,4.910729,-25.828781,3.158788,3.927547,15.472349,-12.567577,4.231570,-0.710586,-3.308064,-3.320373,1.073131,0.083879,0.294020,0.179590,-0.125052,-0.030729,0.009011,-0.134562,0.114866,-0.075954
814,15.280000,4.046304,-1.134618,-0.323005,3.387783,-20.763752,-3.245413,0.068652,12.975336,-0.422895,4.969324,-22.931896,2.081556,3.897710,8.780983,-12.004487,3.964246,-1.308653,-1.518107,-4.206967,1.078863,-0.166847,-0.071915,0.625099,-0.005678,-0.030364,-0.062358,0.056036,0.147425,-0.093772
815,15.300000,-0.312468,-0.560492,-1.143550,4.531618,-24.320683,-3.919593,-1.710861,15.472957,2.316212,-0.563200,-18.450644,1.674481,3.111740,-0.538378,-8.272264,3.356082,-0.727877,0.310312,-5.469755,0.918238,-0.027711,0.140764,0.891493,0.052049,-0.053275,0.073894,0.176688,0.057826,-0.021562
816,15.320000,-4.077564,3.021330,-2.443790,2.838599,-24.608665,-4.215643,-1.192306,15.139373,2.642937,-3.288748,-13.817391,0.850570,3.038442,-0.505960,-4.438994,2.324053,-0.770589,0.212394,-6.377929,0.492332,-0.261826,0.220312,0.737684,0.152533,0.144409,0.154301,0.144633,0.019122,0.049016
817,15.340000,-8.601632,8.085409,-2.129776,0.500377,-21.532299,-5.081583,-0.226248,13.108497,1.758806,-5.565265,-9.271330,-0.024041,2.210079,-0.177299,-0.154401,1.006922,-0.961739,-0.007052,-7.012994,0.156040,-0.438760,-0.254397,0.173967,0.149818,0.156055,0.041760,0.000169,0.035140,0.039893
818,15.360000,-10.124643,10.059087,-1.874899,-0.350643,-19.243292,-6.057375,0.022001,12.160564,0.872602,-5.417397,-6.943996,-0.684352,1.311985,-0.152232,4.007229,0.440433,-0.963811,-0.097054,-7.372027,-0.012603,-0.375688,-0.785229,-0.275339,0.034686,0.075150,-0.168654,-0.093016,0.051185,-0.017474
819,15.380000,-8.964655,9.865961,-2.331862,-0.779909,-19.067507,-6.606529,0.322369,12.587515,-0.080389,-2.955073,-6.512523,-1.235797,0.824266,-0.094306,6.430100,0.660776,-0.922092,-0.120346,-7.954053,-0.016603,-0.214938,-1.048566,-0.513939,-0.040889,0.007090,-0.285042,-0.133449,0.057719,-0.052627
820,15.400000,-6.324298,8.527410,-2.463979,-1.058480,-19.674206,-6.565352,0.406517,11.784920,-1.143719,-0.558777,-6.097888,-1.938405,0.843614,-0.058209,7.159859,1.343592,-0.909056,-0.099039,-8.134861,0.170151,-0.091778,-1.354939,-0.470610,-0.052997,-0.051545,-0.401411,-0.085776,0.069607,-0.101278
821,15.420000,-3.579098,5.608466,-2.610680,-1.001557,-20.695480,-6.128010,0.514125,10.687264,-1.428396,1.144244,-7.473321,-2.634969,0.689293,-0.078015,6.773637,1.764302,-0.857017,-0.079404,-8.080308,0.308759,-0.064756,-1.629718,-0.436950,-0.038017,-0.048603,-0.445385,-0.071989,0.105348,-0.106163
822,15.440000,-1.136814,1.798807,-2.889316,-0.825308,-20.768200,-5.909474,0.452890,9.640263,-0.893082,2.089078,-9.859468,-2.876752,0.383597,-0.147413,6.026134,1.776718,-0.885713,-0.062692,-8.025538,0.333806,-0.142312,-1.733811,-0.528378,-0.018382,-0.021880,-0.435417,-0.105356,0.117341,-0.097399
823,15.460000,0.259179,-1.418702,-2.794053,-1.561785,-20.427414,-6.148541,0.771532,8.726835,0.191613,2.860744,-12.404593,-2.572789,0.189300,-0.207474,5.581380,1.816528,-0.913611,-0.066084,-7.981297,0.340080,-0.205242,-1.559350,-0.695725,-0.023774,-0.008838,-0.378856,-0.153684,0.099009,-0.107347
824,15.480000,1.093394,-4.309834,-2.068165,-2.790872,-19.932673,-6.809421,1.372059,7.203412,1.585802,3.573868,-14.542434,-1.924527,-0.052995,-0.244475,5.952034,1.890811,-0.964830,-0.077826,-7.964236,0.342701,-0.220315,-1.275074,-0.861511,-0.029301,-0.017916,-0.326479,-0.192692,0.076224,-0.091615
825,15.500000,2.358360,-7.395017,-1.140418,-3.528443,-20.012161,-7.377748,1.615196,5.460650,2.798756,4.362916,-16.129684,-1.167451,-0.350372,-0.255693,7.259860,2.030694,-1.125357,-0.071914,-7.720827,0.307407,-0.231460,-1.022188,-1.005311,-0.018788,-0.026721,-0.269583,-0.222644,0.065408,-0.047078
826,15.520000,3.833929,-10.090151,-0.837913,-2.138004,-21.145077,-7.324174,0.920762,4.166032,3.485393,4.903216,-16.206264,-0.848105,-0.497950,-0.269397,9.294647,2.355967,-1.292273,-0.045101,-6.665946,0.330636,-0.241527,-0.886404,-1.084180,-0.006766,-0.059279,-0.215516,-0.236749,0.088366,-0.033866
827,15.540000,4.457485,-10.541796,-0.857922,-0.663062,-22.750435,-6.458673,0.353366,4.097809,3.501446,5.872660,-14.355633,-0.595243,-0.092346,-0.263244,11.755943,2.504400,-1.531269,-0.035420,-5.347081,0.334355,-0.329529,-0.727006,-0.806152,0.013112,-0.066759,-0.186849,-0.193971,0.082943,-0.011389
828,15.560000,4.052451,-8.846872,-1.458968,0.841454,-23.148247,-5.228881,-0.212108,4.586581,2.940018,5.663175,-10.799828,-0.315122,0.980001,-0.249087,14.403729,2.397962,-1.672458,-0.037123,-3.500695,0.373933,-0.391423,-0.605173,-0.283029,0.031885,-0.058237,-0.171996,-0.081547,0.059873,-0.025737
829,15.580000,2.749881,-6.322240,-4.646568,7.973235,-18.137005,-1.395279,-4.016888,2.723811,2.102004,-11.251074,-2.156293,-0.625946,3.165289,-6.495574,17.703718,1.801489,-2.419604,-1.494800,-0.993563,0.282123,-0.600299,-0.691375,0.483946,0.053338,-0.030833,-0.158309,0.092477,0.019177,-0.069423
830,15.600000,8.344672,-6.521743,-5.553979,18.549768,-6.810669,7.780501,-10.885235,0.500903,1.534224,-27.910271,5.747429,0.152843,6.528353,-8.577338,20.335810,1.306363,-3.656368,1.069287,2.821927,0.177898,-0.712747,-1.039000,1.116185,0.058717,0.038022,-0.269979,0.164258,0.069981,-0.151842
831,15.620000,11.478455,-8.709907,-2.532435,21.032179,-5.215380,8.489307,-15.580647,0.165442,1.614134,-20.087547,2.619982,3.322572,6.823408,-6.163000,14.728825,1.485082,-3.360110,2.665945,2.955747,0.309538,-0.541988,-0.135927,1.515543,0.036514,0.070453,-0.212604,0.314451,0.130296,-0.195400
832,15.640000,10.045926,-9.157393,2.136582,20.701130,-4.289402,8.179397,-18.046360,0.713237,2.344769,-14.842473,-1.973337,4.374331,3.479532,-1.986151,3.802031,0.280344,-1.759264,3.559283,0.149800,0.036680,-0.262789,0.820826,0.940383,0.028088,0.182193,0.195380,0.391182,-0.020967,0.052647
833,15.660000,9.241299,-9.480299,5.055947,21.164333,-1.876205,9.240802,-20.258270,0.710561,2.613472,-14.595991,-3.728598,4.870504,1.035140,2.103047,-0.625566,-0.589806,0.146845,4.598959,-0.152614,-0.053456,0.210082,1.223684,0.082014,-0.092176,0.071488,0.363654,0.199085,-0.106112,0.199566
834,15.680000,8.197278,-9.900681,4.426083,21.762915,-2.417122,9.736397,-17.965397,1.077200,3.250534,-13.787948,-4.894252,4.944577,0.062583,4.424218,-0.400941,0.245563,0.777653,4.526484,-0.089054,0.245003,0.401995,1.068941,-0.485410,-0.122616,-0.062988,0.285110,-0.076346,-0.031658,0.195324
835,15.700000,7.562063,-11.635978,1.290436,23.398144,-4.301986,9.411860,-13.974085,2.192815,4.233067,-13.059924,-6.679436,3.036542,0.331810,5.883116,-0.447289,2.179073,-0.868648,4.473800,-0.070986,0.630053,-0.010883,0.323937,-0.609460,-0.101416,-0.170964,0.097863,-0.197923,0.057280,0.001617
836,15.720000,7.509084,-11.318194,1.827698,22.515472,-3.132990,8.628531,-14.253967,1.424520,3.386482,-12.874617,-4.765141,1.215908,-0.138372,5.252191,-0.410216,2.816170,-1.756303,5.370589,-0.032380,0.631712,-0.207951,-0.421478,-0.467995,-0.006558,-0.125910,-0.024235,-0.053373,0.124975,-0.146529
837,15.740000,6.556499,-9.547245,1.363648,20.504019,-0.150044,7.519045,-13.479189,0.014007,2.049132,-13.899290,-2.066256,-0.161531,-0.341281,3.178241,-0.287995,2.083423,-1.919521,6.604035,0.011046,0.420637,-0.260056,-0.894578,-0.447546,0.031770,-0.028457,-0.156831,-0.064919,0.172010,-0.153019
838,15.760000,1.902192,-5.434744,0.281051,18.930792,1.909656,6.289453,-9.826546,-0.937890,1.841224,-14.886279,0.365318,-1.144925,-0.874315,2.152869,-0.219795,1.048902,-1.944412,7.091238,0.033348,0.233701,-0.388831,-1.080261,-0.735298,0.029617,0.025435,-0.241719,-0.199948,0.083286,-0.109711
839,15.780000,-4.207298,-0.654007,0.963767,17.819687,3.130948,5.297338,-7.583581,-1.603780,2.310205,-17.300230,2.242125,-1.642522,-1.676081,2.029556,-0.192638,0.216735,-2.403620,7.014363,0.014039,0.053583,-0.526761,-1.205643,-1.116501,0.000194,-0.011383,-0.296929,-0.297445,-0.001161,-0.093987
840,15.800000,-9.382536,2.975766,1.412488,18.368458,3.361253,4.724448,-6.194803,-1.644674,2.885515,-19.465389,3.407066,-1.951582,-2.311664,3.023793,-0.166992,-0.233344,-3.210922,7.024724,-0.032901,-0.075887,-0.683652,-1.383613,-1.504755,-0.022362,-0.050238,-0.364535,-0.430271,-0.006469,-0.125002
841,15.820000,-13.740055,5.670025,1.626591,19.570419,3.592220,4.338618,-5.124976,-1.754586,3.601559,-21.227299,4.727338,-2.258800,-2.782031,5.012912,-0.105499,-0.156408,-3.876250,6.887466,-0.044163,-0.096367,-0.827105,-1.554130,-1.803811,-0.011491,-0.036148,-0.428969,-0.509309,0.002976,-0.167428
842,15.840000,-17.803318,8.334007,2.155862,20.156078,4.382880,3.809142,-3.964047,-2.177012,4.366244,-21.700417,6.068186,-2.200836,-3.078260,7.979378,-0.068115,0.167036,-4.287104,6.663047,-0.027108,-0.054632,-0.929520,-1.564230,-1.917482,0.001158,0.004828,-0.412427,-0.490420,0.003921,-0.188426
843,15.860000,-20.035753,10.589403,2.743653,20.747673,4.630220,3.524751,-3.491532,-2.229059,4.606109,-20.376713,7.682606,-1.348380,-2.676891,11.298341,-0.002586,0.562242,-4.422139,6.221258,-0.014819,0.018178,-0.971958,-1.246468,-1.702922,-0.000505,0.041605,-0.291303,-0.391649,-0.006288,-0.179185
844,15.880000,-19.519989,10.666475,2.902515,21.368490,3.915410,3.550251,-3.413784,-1.774308,4.752432,-17.252310,8.069690,-0.171139,-1.610871,14.646316,0.033799,0.759816,-4.179503,5.469698,-0.009879,0.062966,-0.919516,-0.765146,-1.243371,0.003719,0.041701,-0.155183,-0.261247,-0.014564,-0.157650
845,15.900000,-16.674862,8.177431,2.648221,21.288948,2.878912,3.647762,-3.431639,-1.213082,5.277476,-12.953190,7.036668,1.084269,-0.233298,17.147049,0.009907,0.619596,-3.501353,4.151048,0.001232,0.047387,-0.757194,-0.217114,-0.599543,0.000634,0.038167,-0.027085,-0.095900,-0.030878,-0.111413
846,15.920000,-11.179266,3.271500,1.688615,20.452744,1.470743,3.858867,-3.616713,-0.487384,5.744444,-7.924375,5.255378,2.030558,1.397890,17.914169,-0.020212,0.329446,-2.316580,1.932217,0.028428,-0.001124,-0.466608,0.268291,0.125135,-0.013065,0.041323,0.079924,0.103189,-0.050153,-0.060959
847,15.940000,-3.537451,-1.047308,2.360291,17.280130,-3.610569,1.794853,-3.783369,-1.681870,4.905028,-1.943407,-5.754448,3.832425,2.400358,17.247818,-6.913649,0.484914,-0.636656,-1.303968,4.670774,0.002298,-0.021413,0.855714,0.504149,-0.021544,0.054087,0.226971,0.196892,-0.078919,0.056054
848,15.960000,0.527225,-3.571586,3.713868,7.537295,-11.556338,-2.284779,-1.371441,5.088750,4.249089,5.663747,-21.495605,5.877728,1.854060,20.129971,-13.622672,2.004084,1.098552,-4.028203,5.962412,0.351067,0.402782,1.420768,0.005512,0.000655,-0.001850,0.373309,0.000461,0.038223,0.224586
849,15.980000,0.615740,-0.866356,1.463097,-0.389809,-17.694935,-5.982393,0.404397,9.043825,2.707987,5.659447,-31.644356,4.876364,2.248500,21.615002,-11.352285,3.555248,0.914966,-4.938626,-1.079974,0.626817,0.195706,0.894023,-0.542381,0.048671,-0.008197,0.288397,-0.182166,0.170429,0.147782
850,16.000000,1.925977,-0.087623,0.888699,0.934898,-20.414827,-3.878895,0.538391,11.224827,0.719275,4.667789,-26.584915,3.554260,3.834906,16.929068,-11.952188,4.284393,-0.445299,-3.705506,-2.849415,1.057541,0.116574,0.406821,0.062125,-0.106454,-0.016840,0.038723,-0.167221,0.126036,-0.052622
851,16.020000,4.215320,-0.913605,-0.005155,3.222001,-21.053257,-3.044045,0.234447,12.547566,-0.500881,5.416254,-23.515537,2.500506,4.105230,10.656389,-11.649557,4.157762,-1.350023,-1.960632,-3.786898,1.125277,-0.172895,0.016817,0.550021,-0.024766,-0.013848,-0.051792,0.022070,0.159707,-0.108577
852,16.040000,1.144731,-1.025836,-0.993035,4.451216,-23.495022,-4.017469,-1.592722,14.853412,1.587814,0.334127,-19.237553,1.835039,3.357558,-0.442579,-8.564048,3.557484,-0.966579,0.343420,-5.238613,0.951160,-0.096873,0.112273,0.884861,0.047966,-0.052096,0.041348,0.170335,0.081162,-0.045327
853,16.060000,-3.372891,2.210286,-2.286883,2.961523,-25.118975,-4.063848,-1.313156,15.472838,2.737146,-2.979509,-14.570452,0.993693,3.071576,-0.790379,-4.438674,2.686811,-0.771394,0.259685,-6.393537,0.612049,-0.192726,0.258246,0.847394,0.114514,0.098084,0.174122,0.180539,0.012715,0.041785
854,16.080000,-8.093385,7.842452,-2.173196,0.374184,-22.260874,-4.968565,-0.091076,13.336641,1.754523,-5.333134,-9.761109,0.099036,2.438905,-0.196063,0.069365,1.296674,-0.913487,0.006064,-7.105710,0.231632,-0.409756,-0.139709,0.312645,0.165320,0.161180,0.072770,0.034122,0.034114,0.049988
855,16.100000,-10.698399,10.693218,-1.788420,-0.573799,-19.564060,-5.907413,0.108024,12.180087,0.973821,-6.007724,-6.407611,-0.491486,1.442872,-0.164536,4.784639,0.402095,-0.933278,-0.099699,-7.445097,-0.010186,-0.387862,-0.687811,-0.228014,0.064061,0.097811,-0.135283,-0.090640,0.037525,0.008230
856,16.120000,-9.944405,10.901515,-2.083325,-0.854500,-18.427662,-6.583999,0.366256,12.086285,-0.011660,-3.870916,-5.298980,-1.011438,0.911993,-0.121161,7.678414,0.351332,-0.848323,-0.124490,-7.870842,-0.090521,-0.230177,-0.982812,-0.485130,-0.032986,0.019240,-0.266484,-0.140366,0.051061,-0.049755
857,16.140000,-7.393458,9.635134,-2.371094,-1.140295,-18.978027,-6.577984,0.430681,11.825877,-1.041994,-1.130682,-4.964781,-1.600254,0.870709,-0.065730,8.542961,1.078872,-0.852281,-0.111889,-8.080739,0.091541,-0.086848,-1.223456,-0.483507,-0.058081,-0.037499,-0.355450,-0.100267,0.068040,-0.084395
858,16.160000,-4.336445,6.850808,-2.442709,-1.140523,-20.253237,-6.152604,0.552371,10.641296,-1.525690,0.957767,-6.015527,-2.278450,0.843505,-0.053594,8.187170,1.717287,-0.797454,-0.084694,-8.026318,0.287611,-0.034142,-1.479619,-0.393618,-0.039807,-0.054627,-0.413495,-0.058630,0.094563,-0.101262
859,16.180000,-1.553275,2.832329,-2.780178,-0.865104,-20.735163,-5.854892,0.465859,9.610520,-1.121715,2.051433,-8.485766,-2.631830,0.524845,-0.117283,7.337992,1.837491,-0.863806,-0.061863,-8.010214,0.346375,-0.116655,-1.633897,-0.464217,-0.016887,-0.028022,-0.414682,-0.085373,0.116425,-0.093105
860,16.200000,0.152337,-0.684022,-2.781185,-1.381528,-20.563133,-6.023392,0.698824,8.595263,-0.122729,2.816529,-11.147073,-2.489199,0.296789,-0.191168,6.703214,1.850005,-0.914571,-0.060046,-7.987407,0.352668,-0.202787,-1.525726,-0.634176,-0.019186,-0.008584,-0.368396,-0.134539,0.102529,-0.108348
861,16.220000,1.096036,-3.729797,-2.164271,-2.522992,-20.096354,-6.661699,1.242371,7.275297,1.237531,3.544757,-13.488011,-1.972216,0.015840,-0.237827,6.721161,1.907726,-0.957243,-0.071723,-7.845507,0.356109,-0.224995,-1.284582,-0.827903,-0.030783,-0.016626,-0.324156,-0.183835,0.082127,-0.102854
862,16.240000,2.470775,-6.980599,-1.299660,-3.338553,-20.136728,-7.329433,1.535179,5.462245,2.453489,4.373442,-15.321587,-1.349064,-0.283636,-0.251695,7.846651,2.023674,-1.113507,-0.070070,-7.647710,0.321253,-0.238018,-1.082069,-0.987267,-0.022988,-0.028534,-0.284513,-0.218942,0.065546,-0.060189
863,16.260000,4.103043,-9.920329,-1.072434,-2.099232,-21.151525,-7.301840,0.906363,4.092412,3.150386,4.912751,-15.713810,-1.130995,-0.421916,-0.266776,9.702077,2.342752,-1.271855,-0.044723,-6.614043,0.336720,-0.242935,-0.987487,-1.070915,-0.010942,-0.060078,-0.241183,-0.236154,0.090518,-0.042446
864,16.280000,4.828537,-10.569913,-1.130198,-0.731853,-22.454550,-6.553983,0.373848,4.048941,3.196023,5.894152,-14.098046,-0.924460,-0.067262,-0.261312,12.001438,2.506990,-1.506136,-0.034993,-5.324230,0.333119,-0.325438,-0.854858,-0.813516,0.009183,-0.066489,-0.217969,-0.197536,0.087812,-0.016077
865,16.300000,4.427760,-8.990759,-1.683919,0.632999,-22.798958,-5.368690,-0.132895,4.536882,2.699979,5.769446,-10.747253,-0.628420,0.967496,-0.248685,14.588586,2.416787,-1.671461,-0.036707,-3.524385,0.367412,-0.392366,-0.729789,-0.297820,0.031517,-0.058084,-0.202909,-0.084805,0.063264,-0.023613
866,16.320000,3.245683,-6.532099,-4.407098,7.175592,-18.079880,-1.662748,-4.168934,2.995058,1.871981,-10.260406,-2.383714,-0.805358,3.059554,-6.226228,17.838612,1.797759,-2.432666,-1.911667,-1.047720,0.277389,-0.597515,-0.772275,0.453296,0.053148,-0.032361,-0.185891,0.091732,0.021115,-0.062880
867,16.340000,8.528780,-6.590586,-5.615077,18.035097,-6.534686,7.522444,-11.051536,1.011795,1.357025,-28.004574,5.627430,0.097069,6.400806,-8.484841,20.932144,1.261422,-3.752885,0.905690,0.578160,0.152806,-0.739597,-1.072018,1.062698,0.062705,0.036376,-0.279137,0.156818,0.060384,-0.146267
868,16.360000,11.565678,-8.587685,-2.569260,20.782862,-4.884969,8.353817,-15.757406,0.555896,1.481868,-20.294304,2.650267,3.476542,6.766453,-6.027094,15.409043,1.455471,-3.490975,2.257119,1.657548,0.301841,-0.575193,-0.106079,1.467405,0.033067,0.062282,-0.209303,0.293211,0.125816,-0.207938
869,16.380000,9.998918,-9.067001,2.087193,20.525642,-4.197787,7.895307,-18.173389,0.828394,2.378516,-15.008643,-2.188856,4.486541,3.545837,-1.854714,5.129536,0.279838,-1.878971,3.117435,0.103572,0.034003,-0.305850,0.866348,0.953766,0.023827,0.179002,0.202686,0.392417,-0.024851,0.039992
870,16.400000,9.268458,-9.514334,5.045814,21.207674,-1.940329,9.049927,-20.307421,0.702353,2.642597,-14.742118,-3.794401,4.873561,1.103559,2.454764,-0.635772,-0.607930,0.071877,4.152606,-0.148605,-0.059660,0.187780,1.255396,0.106945,-0.093854,0.072377,0.371970,0.205645,-0.105712,0.194822
871,16.420000,8.474747,-9.946337,4.605469,21.719212,-2.362978,9.712823,-18.144445,0.974081,3.177866,-13.604149,-4.763304,5.025773,0.082291,5.273827,-0.397955,0.210037,0.772575,4.064454,-0.086889,0.229550,0.408695,1.099362,-0.483984,-0.121378,-0.053500,0.292235,-0.069496,-0.033661,0.201823
872,16.440000,7.950373,-11.692188,1.250210,23.182856,-4.183140,9.529328,-13.772604,2.116027,4.030747,-12.872324,-6.804914,3.090046,0.338672,6.759301,-0.454629,2.209954,-0.921813,4.009106,-0.071016,0.637588,-0.020173,0.339446,-0.625119,-0.100743,-0.166478,0.102572,-0.206237,0.059651,0.001253
873,16.460000,7.794276,-11.221848,1.819757,22.268064,-3.041562,8.791059,-13.943166,1.366345,3.151079,-12.508228,-4.834388,1.306363,-0.103179,6.116018,-0.420571,2.885786,-1.833034,4.851179,-0.034872,0.654986,-0.220887,-0.402870,-0.462174,-0.005381,-0.133079,-0.018058,-0.056424,0.126901,-0.152379
874,16.480000,6.765960,-9.441355,1.340544,20.189857,-0.146281,7.682605,-13.161749,-0.002714,1.854092,-13.486474,-2.094721,-0.116460,-0.282565,4.010770,-0.289989,2.137743,-1.914057,6.020889,0.006967,0.437639,-0.257507,-0.881249,-0.417032,0.036869,-0.036703,-0.148551,-0.056422,0.173088,-0.157051
875,16.500000,2.079311,-5.294946,0.163142,18.771578,1.867063,6.481857,-9.479304,-0.918025,1.670490,-14.478746,0.359857,-1.153077,-0.754585,2.852482,-0.217370,1.055190,-1.836069,6.620770,0.029401,0.236363,-0.357535,-1.081488,-0.674158,0.028867,0.023981,-0.240659,-0.182053,0.087924,-0.105980
876,16.520000,-4.031503,-0.533801,0.846172,17.817873,3.045161,5.461506,-7.259118,-1.560641,2.169924,-16.518551,2.251987,-1.641241,-1.540396,2.857223,-0.188796,0.212177,-2.254109,6.879154,0.010933,0.056328,-0.490062,-1.204772,-1.044519,-0.000746,-0.007057,-0.299831,-0.276892,0.000855,-0.085138
877,16.540000,-9.254023,3.135150,1.354880,18.291998,3.271067,4.852140,-5.961003,-1.614486,2.744090,-19.176954,3.409334,-1.929605,-2.179214,3.659693,-0.166379,-0.244311,-3.104119,6.745655,-0.036039,-0.073297,-0.663358,-1.383070,-1.443345,-0.022594,-0.046700,-0.369905,-0.413100,-0.007179,-0.117186
878,16.560000,-13.448891,5.632361,1.559850,19.565365,3.507329,4.449802,-4.934175,-1.733792,3.502408,-20.877270,4.733722,-2.183169,-2.663868,5.629326,-0.101246,-0.186388,-3.802239,6.643857,-0.047119,-0.102502,-0.812656,-1.538666,-1.758131,-0.010149,-0.035713,-0.429805,-0.500862,-0.000506,-0.161420
879,16.580000,-17.344078,8.115028,2.055060,20.200300,4.307538,3.891618,-3.920256,-2.158783,4.273367,-21.364742,6.029730,-2.120718,-2.962859,8.460636,-0.068678,0.132228,-4.253225,6.449582,-0.028140,-0.065134,-0.925446,-1.541630,-1.885364,0.000329,0.003461,-0.408391,-0.487472,0.003088,-0.185270
880,16.600000,-19.550915,10.267519,2.666703,20.680998,4.613962,3.557525,-3.462784,-2.227879,4.534853,-20.114876,7.520205,-1.298780,-2.609684,11.560361,-0.014868,0.525739,-4.426479,6.085358,-0.013563,0.006183,-0.976828,-1.228290,-1.688736,-0.002734,0.039578,-0.286727,-0.388348,-0.007728,-0.178526
881,16.620000,-19.183498,10.468397,2.873223,21.226437,3.933321,3.622927,-3.401048,-1.790062,4.678300,-17.169634,7.990186,-0.139952,-1.591912,14.643446,0.023479,0.754523,-4.211928,5.481966,-0.007452,0.060915,-0.927522,-0.749559,-1.242621,-0.000460,0.041714,-0.147953,-0.259980,-0.014067,-0.157348
882,16.640000,-16.684462,8.307987,2.672435,21.199684,2.959813,3.727725,-3.364360,-1.265633,5.164419,-13.108849,7.081778,1.072217,-0.298175,16.959547,0.003517,0.639090,-3.576730,4.273766,0.004035,0.050008,-0.773370,-0.220569,-0.623405,-0.000913,0.037568,-0.023810,-0.101884,-0.029165,-0.111834
883,16.660000,-11.514740,3.656576,1.728003,20.422020,1.638717,3.945989,-3.525142,-0.575428,5.644421,-8.300158,5.424577,1.952811,1.305368,17.628185,-0.013118,0.352930,-2.444255,2.247446,0.028903,0.006985,-0.497684,0.230158,0.093709,-0.011326,0.039882,0.072920,0.094803,-0.047960,-0.066147
884,16.680000,-4.191575,-0.906146,2.317117,17.916698,-2.690723,2.408329,-3.602706,-2.196602,4.955338,-2.938866,-4.337003,3.530650,2.406637,16.797169,-5.614849,0.423535,-0.851779,-0.836330,3.977704,-0.000687,-0.078416,0.771514,0.513173,-0.018189,0.048620,0.204368,0.203219,-0.076638,0.037870
885,16.700000,0.686257,-3.995445,3.572368,8.780574,-10.761083,-2.122797,-1.662180,4.352510,4.393050,5.098662,-19.926643,5.800385,1.925439,19.224348,-13.024200,1.858830,1.031553,-3.612133,5.867913,0.326945,0.399825,1.388264,0.104043,-0.004334,0.012752,0.360573,0.027377,0.011264,0.208724
886,16.720000,0.628788,-0.805441,1.534253,-0.523451,-17.889402,-6.314627,0.392861,9.471760,2.757223,6.188910,-31.886206,5.157999,2.121841,21.171406,-11.112561,3.575134,1.120562,-4.867569,-0.558694,0.608039,0.233137,1.008436,-0.570920,0.055444,-0.020908,0.320549,-0.165152,0.171970,0.172047
887,16.740000,1.646115,-0.069180,0.716798,0.575723,-20.802076,-4.139118,0.555556,11.668294,0.899027,4.651198,-26.953337,3.517813,3.795931,16.889500,-11.694565,4.277773,-0.401782,-3.752431,-2.649626,1.034306,0.100192,0.417808,0.034247,-0.095739,-0.005713,0.056089,-0.175636,0.136374,-0.040943
888,16.760000,3.923022,-0.532436,0.039915,2.988596,-21.164028,-3.148074,0.407838,12.847273,-0.587759,5.564334,-23.632523,2.448139,4.125865,10.961288,-11.530489,4.211272,-1.372995,-2.050969,-3.772615,1.136396,-0.167852,-0.011440,0.495450,-0.043140,-0.015010,-0.065263,-0.000256,0.158104,-0.115016
889,16.780000,1.232430,-0.682821,-0.725917,4.262937,-22.988188,-4.010944,-1.347904,14.665021,1.172574,0.881107,-19.339600,1.779314,3.173254,0.420936,-8.924659,3.547752,-0.972670,0.178344,-5.303890,0.943327,-0.092885,0.041824,0.758424,0.050563,-0.048210,0.011192,0.128059,0.083071,-0.047472
890,16.800000,-3.120318,2.204172,-2.024685,3.056398,-24.977913,-4.088671,-1.328961,15.500072,2.454882,-2.729313,-14.659803,1.046093,2.883241,-0.848456,-4.833924,2.722311,-0.709119,0.277496,-6.393418,0.636943,-0.149169,0.230985,0.780212,0.104265,0.078604,0.164683,0.157707,0.012185,0.032914
891,16.820000,-7.446858,7.267097,-2.181873,0.636346,-22.475243,-4.879808,-0.180994,13.385329,1.601160,-5.093779,-10.028810,0.087826,2.391798,-0.215192,-0.381115,1.370257,-0.877830,0.026514,-7.085385,0.244315,-0.388381,-0.120324,0.311369,0.166016,0.164858,0.075504,0.028286,0.039037,0.051075
892,16.840000,-10.069921,10.000029,-1.741023,-0.452967,-19.830708,-5.765526,0.041472,12.001828,0.969010,-5.903216,-6.644973,-0.481872,1.476356,-0.162667,4.223537,0.444395,-0.958716,-0.090888,-7.405050,0.015446,-0.401175,-0.656132,-0.201743,0.074096,0.102306,-0.122953,-0.086579,0.039731,0.009405
893,16.860000,-9.417843,10.054200,-1.990390,-0.578749,-18.785160,-6.462652,0.234312,11.849500,0.166179,-3.912676,-5.707892,-0.979195,0.905712,-0.115332,7.221510,0.341891,-0.879496,-0.115598,-7.794600,-0.085831,-0.252164,-0.958635,-0.460840,-0.027427,0.026447,-0.255656,-0.134671,0.052523,-0.045241
894,16.880000,-7.096293,8.873096,-2.348721,-0.944685,-19.297873,-6.467692,0.364147,11.785207,-0.750187,-1.183923,-5.454086,-1.545251,0.796823,-0.056621,8.239300,1.030125,-0.857257,-0.105986,-8.170987,0.079848,-0.105106,-1.180907,-0.498004,-0.058851,-0.030465,-0.334310,-0.105300,0.064785,-0.082226
895,16.900000,-4.213016,6.385223,-2.404605,-1.072736,-20.541391,-6.053714,0.526882,10.657323,-1.279873,0.895074,-6.332090,-2.240398,0.818430,-0.045098,8.031099,1.726912,-0.800792,-0.080816,-8.174137,0.294879,-0.038543,-1.448785,-0.402346,-0.044395,-0.056030,-0.405991,-0.057408,0.092445,-0.106199
896,16.920000,-1.557252,2.603841,-2.749906,-0.850114,-21.018339,-5.772826,0.454127,9.686236,-0.940127,1.987513,-8.676270,-2.631117,0.560040,-0.107973,7.318897,1.900683,-0.868757,-0.059953,-8.116800,0.367333,-0.113718,-1.629775,-0.449631,-0.018649,-0.029533,-0.418164,-0.078756,0.119466,-0.095489
897,16.940000,0.165418,-0.871014,-2.857588,-1.221006,-20.781069,-5.940090,0.615423,8.742253,0.009936,2.706746,-11.190105,-2.556333,0.362764,-0.182991,6.736609,1.889014,-0.938906,-0.057081,-8.068130,0.360935,-0.201889,-1.560188,-0.595142,-0.015486,-0.008341,-0.380366,-0.122825,0.106587,-0.105335
898,16.960000,1.086957,-3.848249,-2.298500,-2.304966,-20.336376,-6.570527,1.141805,7.377648,1.331619,3.396156,-13.522013,-2.078057,0.124415,-0.230848,6.765623,1.910978,-0.990563,-0.068783,-7.980652,0.354594,-0.228368,-1.326463,-0.780056,-0.028179,-0.014081,-0.333402,-0.172356,0.085460,-0.103797
899,16.980000,2.378990,-7.044682,-1.428741,-3.264094,-20.217155,-7.262670,1.524620,5.612675,2.572611,4.237772,-15.399424,-1.431166,-0.192693,-0.246101,7.830644,1.971579,-1.117600,-0.070176,-7.775243,0.313896,-0.238218,-1.107391,-0.945001,-0.023438,-0.024800,-0.289835,-0.209221,0.065419,-0.062794
900,17.000000,3.943810,-10.003490,-1.097048,-2.399340,-20.995874,-7.322261,1.046415,4.224839,3.353481,4.830463,-15.959891,-1.088511,-0.373035,-0.259756,9.616535,2.242419,-1.269043,-0.047547,-6.891392,0.315706,-0.245637,-0.978036,-1.043031,-0.012192,-0.055743,-0.239448,-0.227486,0.085214,-0.042019
901,17.020000,4.866452,-11.071066,-1.056310,-0.997861,-22.382303,-6.772486,0.476111,3.887278,3.491036,5.788112,-14.755760,-0.893725,-0.168520,-0.257005,11.875241,2.480571,-1.478874,-0.035452,-5.795607,0.333722,-0.309606,-0.859737,-0.876417,0.006515,-0.067701,-0.213600,-0.204182,0.088225,-0.020560
902,17.040000,4.509402,-9.649648,-1.512253,0.339935,-22.960445,-5.465984,-0.044510,4.350776,3.031551,5.825211,-11.446898,-0.574532,0.764715,-0.258353,14.376970,2.442844,-1.647184,-0.036744,-3.932554,0.358163,-0.382827,-0.709297,-0.391558,0.032544,-0.064587,-0.197284,-0.109907,0.065434,-0.016236
903,17.060000,4.031280,-6.983364,-3.544354,5.302108,-19.642122,-2.441558,-2.353137,3.468069,1.901313,-10.019829,-4.782091,-0.505500,2.575943,-7.793345,17.426298,1.985280,-2.167896,-2.112108,-1.413904,0.316865,-0.523109,-0.670685,0.265206,0.046418,-0.040670,-0.170639,0.056514,0.026825,-0.049693
904,17.080000,6.896647,-5.765287,-5.371700,16.642546,-8.544800,6.475180,-10.474622,1.021248,1.582125,-27.465681,5.526176,-0.457105,6.112998,-8.549167,21.025240,1.196422,-3.660925,0.516982,0.577023,0.122097,-0.755977,-1.148327,1.032112,0.073279,0.024972,-0.276905,0.178548,0.030343,-0.117425
905,17.100000,11.134809,-8.159009,-3.595277,20.407043,-4.832455,8.485268,-14.859069,0.897789,1.362859,-22.029379,3.516237,2.732757,6.972367,-6.749628,17.083111,1.449810,-3.592351,2.210840,1.737352,0.289560,-0.581674,-0.366790,1.440979,0.020932,0.057517,-0.259357,0.242268,0.133665,-0.225717
906,17.120000,10.575512,-8.950433,1.412238,20.743904,-4.105151,7.928886,-17.897673,0.679209,2.068268,-15.506041,-1.543612,4.602078,4.233329,-2.979660,7.272955,0.579697,-2.254490,2.885830,0.514135,0.118754,-0.366502,0.743984,1.070889,0.036714,0.168683,0.123529,0.389130,0.007526,-0.007804
907,17.140000,9.435099,-9.465564,4.701862,20.708914,-1.905448,8.758319,-19.771393,0.657240,2.467158,-14.159720,-3.813879,4.739355,1.259047,1.586053,-0.595364,-0.494395,-0.316487,3.548892,-0.161522,-0.065846,0.082045,1.228165,0.187761,-0.061082,0.099922,0.381123,0.234182,-0.087581,0.173000
908,17.160000,9.042311,-9.822072,5.202643,21.882240,-2.017621,9.636184,-19.690573,0.744346,2.783919,-13.951805,-4.170095,5.193286,0.218656,4.290972,-0.438931,-0.061296,0.884895,4.160224,-0.091471,0.179788,0.417874,1.178916,-0.356327,-0.126691,-0.031411,0.333833,0.006495,-0.052114,0.208945
909,17.180000,8.578929,-11.821267,1.683336,23.041800,-4.003150,9.650673,-14.831126,2.002472,3.862624,-12.888745,-6.495357,3.468550,0.344369,5.501411,-0.418275,1.864041,-0.346638,4.393200,-0.073810,0.574090,0.115009,0.498140,-0.625083,-0.097884,-0.140327,0.136575,-0.213382,0.049029,0.061220
910,17.200000,8.304265,-11.901553,1.545858,22.931089,-3.664339,8.914860,-14.353981,1.705505,3.422686,-12.660879,-5.526677,1.626441,0.090319,5.247108,-0.453201,2.851293,-1.597437,5.168663,-0.041615,0.655103,-0.167165,-0.259914,-0.471660,-0.034876,-0.151909,-0.001596,-0.083466,0.106888,-0.119165
911,17.220000,7.845538,-10.698668,1.627273,20.664124,-0.754892,7.783001,-14.256899,0.270772,2.134092,-13.400684,-2.887061,0.150251,-0.267051,3.066614,-0.329778,2.404626,-1.899484,6.450270,0.002127,0.486141,-0.240383,-0.818149,-0.406854,0.023509,-0.052107,-0.141735,-0.035432,0.163750,-0.154343
912,17.240000,3.472712,-6.714386,0.467090,18.912426,1.483473,6.513878,-10.790405,-0.706552,1.777618,-14.615200,-0.359220,-0.919793,-0.733582,1.687511,-0.238699,1.301626,-1.875507,6.930271,0.029186,0.282172,-0.340891,-1.027105,-0.648284,0.027060,0.024385,-0.224205,-0.166871,0.113052,-0.119457
913,17.260000,-2.717167,-1.707581,0.768118,17.814087,3.049638,5.527154,-7.982900,-1.543695,2.160119,-16.577017,1.872062,-1.513461,-1.515443,1.533252,-0.203231,0.347513,-2.165387,7.073314,0.021185,0.085464,-0.474541,-1.149608,-1.031380,0.007703,0.000360,-0.270543,-0.278260,0.004684,-0.091285
914,17.280000,-8.255115,2.342998,1.288127,18.061682,3.395308,4.891718,-6.386104,-1.681913,2.673985,-19.225418,3.165787,-1.910881,-2.201494,2.390436,-0.184119,-0.221452,-3.001500,6.981905,-0.027171,-0.066851,-0.644182,-1.336539,-1.436135,-0.019255,-0.050531,-0.344175,-0.406034,-0.009913,-0.115042
915,17.300000,-12.762714,5.256719,1.514200,19.331518,3.503426,4.476975,-5.226670,-1.714711,3.290639,-21.191208,4.446275,-2.267560,-2.700406,4.237447,-0.124787,-0.230809,-3.767012,6.937848,-0.049358,-0.105656,-0.805623,-1.546135,-1.763239,-0.015011,-0.045315,-0.426061,-0.502201,0.000439,-0.159214
916,17.320000,-16.987915,7.924859,1.930546,20.126247,4.189699,3.971012,-4.067337,-2.100180,4.087853,-22.059151,5.825512,-2.382630,-3.037382,7.064373,-0.074484,0.075539,-4.245017,6.794430,-0.034065,-0.068320,-0.917268,-1.636493,-1.915666,-0.000871,-0.006537,-0.438609,-0.503193,0.007996,-0.186230
917,17.340000,-19.852856,10.427741,2.598531,20.567488,4.690973,3.591311,-3.486260,-2.289421,4.492408,-21.248051,7.411287,-1.687292,-2.823817,10.333248,-0.017918,0.456882,-4.439882,6.419548,-0.017866,-0.003937,-0.972732,-1.392380,-1.776934,0.000381,0.037028,-0.339045,-0.415820,-0.005179,-0.182904
918,17.360000,-20.015505,11.105316,2.892641,21.222425,4.212235,3.606611,-3.439055,-1.943188,4.663596,-18.624313,8.195269,-0.494771,-1.868686,13.703993,0.035783,0.730543,-4.282328,5.892090,-0.011305,0.055565,-0.939908,-0.916487,-1.362194,0.002160,0.045131,-0.195927,-0.292315,-0.011133,-0.163874
919,17.380000,-17.821241,9.280361,2.787178,21.338327,3.184140,3.623342,-3.394635,-1.366857,5.112340,-14.558172,7.420465,0.811000,-0.593622,16.459290,0.014488,0.672671,-3.725395,4.622396,-0.003664,0.053024,-0.809466,-0.350974,-0.769340,0.003816,0.036622,-0.057638,-0.139869,-0.025204,-0.123804
920,17.400000,-13.054459,4.957813,1.968655,20.708019,1.977024,3.825598,-3.531959,-0.734283,5.683269,-9.684236,5.909045,1.863004,1.019931,17.701654,0.000029,0.416625,-2.657498,2.704859,0.019295,0.019207,-0.551968,0.165489,-0.038498,-0.010736,0.039731,0.058023,0.054785,-0.041953,-0.076384
921,17.420000,-5.975264,-0.660847,1.476256,19.104580,-1.035782,3.995605,-3.998960,0.617880,5.562640,-3.855309,3.429214,3.140279,2.331357,17.159710,-0.115405,0.227581,-1.214863,-0.437328,0.043191,-0.024278,-0.183245,0.788300,0.529094,-0.015343,0.045784,0.206125,0.205786,-0.071331,0.012049
922,17.440000,-0.355432,-3.484803,3.649152,9.433245,-10.338592,-1.957041,-1.951832,3.695283,4.880970,4.228896,-18.807804,5.708928,2.050771,19.157085,-12.576476,1.615151,0.874022,-3.341160,5.772136,0.267682,0.368158,1.401214,0.238332,-0.011397,0.026155,0.362489,0.084304,-0.018202,0.186412
923,17.460000,0.915431,-1.293642,1.977444,1.324475,-15.697150,-4.917458,0.074684,8.765603,3.017216,6.719976,-28.531420,5.383639,2.195218,21.924726,-13.877542,3.158460,1.062949,-5.024930,0.266929,0.536714,0.237729,1.126295,-0.384812,0.045724,-0.007908,0.348544,-0.115803,0.154322,0.204782
924,17.480000,1.687173,0.245228,0.968306,0.766869,-19.923676,-4.119341,0.474843,10.703711,0.823896,4.737116,-26.988758,3.967091,3.706816,18.687937,-11.494353,4.102290,-0.131483,-4.146307,-2.925976,0.933904,0.146102,0.569115,-0.056282,-0.078865,-0.004782,0.116194,-0.178025,0.136645,0.000664
925,17.500000,4.035539,-0.631868,0.324115,3.003103,-19.358427,-2.834078,0.301351,11.648550,-0.631796,5.328390,-23.721233,2.690219,3.944317,13.310667,-11.544048,4.111004,-1.189800,-2.607879,-4.235391,1.126632,-0.118891,0.054289,0.380035,-0.049194,-0.018237,-0.061142,-0.042840,0.154747,-0.114273
926,17.520000,2.959772,-1.252248,-0.835670,4.270466,-21.254223,-3.557787,-0.555053,13.619636,0.397747,3.241158,-20.797930,1.800510,3.314728,4.391482,-9.894284,3.702067,-1.318272,-0.414733,-5.251648,1.004597,-0.179957,-0.032379,0.708007,0.046631,-0.056044,-0.012550,0.095646,0.115616,-0.093209
927,17.540000,-2.227687,1.596529,-1.795257,3.732196,-24.825794,-3.999713,-1.476661,15.616396,2.251700,-1.884367,-16.300674,1.213810,2.991055,-0.692615,-6.247352,2.997860,-0.664701,0.283578,-6.167264,0.751109,-0.074322,0.206010,0.873504,0.061514,0.019521,0.140037,0.190077,0.021980,0.013119
928,17.560000,-5.536588,5.417562,-2.483400,1.592738,-23.114111,-4.668649,-0.688613,14.159372,1.745383,-3.973148,-12.003432,0.369580,2.709711,-0.230683,-2.569502,1.668751,-0.757642,0.074638,-6.837099,0.291555,-0.333561,0.033799,0.455976,0.174651,0.162124,0.100490,0.068161,0.025379,0.061521
929,17.580000,-8.944094,8.881618,-1.841725,0.013651,-20.490086,-5.606733,-0.248766,12.355223,1.132589,-5.503528,-8.523622,-0.360922,1.788866,-0.152489,1.767178,0.662673,-0.929885,-0.069447,-7.141977,0.081296,-0.420687,-0.536085,-0.059086,0.100407,0.112816,-0.074667,-0.046588,0.033548,0.022082
930,17.600000,-9.094509,9.420460,-1.834068,-0.019045,-19.499006,-6.532250,-0.059053,11.953203,0.397458,-4.177948,-7.502631,-0.972230,0.943174,-0.128202,4.998559,0.369616,-0.863384,-0.104288,-7.522045,-0.068723,-0.284066,-0.951980,-0.418342,-0.007537,0.046027,-0.242741,-0.121982,0.052089,-0.027063
931,17.620000,-6.967181,8.251318,-2.376813,-0.386582,-19.938812,-6.716548,0.139675,12.100878,-0.483026,-1.571356,-7.391507,-1.569625,0.659574,-0.076043,6.381666,0.755205,-0.848186,-0.103463,-7.961109,0.001555,-0.131848,-1.182340,-0.574551,-0.054006,-0.013422,-0.329186,-0.135051,0.051794,-0.069835
932,17.640000,-4.100179,6.003497,-2.425648,-0.608071,-20.774754,-6.448670,0.238390,11.048200,-1.147769,0.541592,-7.930384,-2.264510,0.718324,-0.062718,6.456094,1.414617,-0.808060,-0.078235,-7.882923,0.214276,-0.053632,-1.478411,-0.495276,-0.054196,-0.059049,-0.423559,-0.089361,0.076096,-0.114811
933,17.660000,-1.630336,2.514843,-2.749356,-0.665885,-21.361900,-6.046469,0.354822,10.062331,-0.890701,1.804762,-10.098207,-2.766899,0.516376,-0.107138,5.984993,1.742017,-0.888108,-0.062071,-7.922217,0.325928,-0.109974,-1.682090,-0.503763,-0.036268,-0.032542,-0.433515,-0.096493,0.113855,-0.106751
934,17.680000,0.147016,-0.871141,-2.956980,-1.255407,-20.974369,-5.956484,0.644867,9.238332,-0.041824,2.680371,-12.520607,-2.751188,0.327026,-0.167643,5.482024,1.861813,-0.953253,-0.060971,-7.892947,0.350649,-0.193018,-1.647163,-0.601695,-0.021736,-0.010154,-0.399938,-0.128947,0.111859,-0.105407
935,17.700000,1.093304,-3.726156,-2.555128,-2.387088,-20.334194,-6.394221,1.184004,8.019009,1.198610,3.370348,-14.720415,-2.292095,0.152231,-0.210520,5.606761,1.998366,-1.003642,-0.074217,-7.771156,0.372189,-0.224791,-1.428239,-0.745205,-0.024250,-0.013314,-0.357782,-0.162475,0.096032,-0.099175
936,17.720000,2.147065,-6.674628,-1.666798,-3.407324,-19.918146,-7.064146,1.621712,6.247742,2.462821,4.103795,-16.402721,-1.604304,-0.138343,-0.233088,6.610522,2.090001,-1.103385,-0.078807,-7.656101,0.350215,-0.233081,-1.181935,-0.897132,-0.017887,-0.020757,-0.310666,-0.191621,0.074215,-0.061606
937,17.740000,3.513384,-9.490754,-1.000403,-2.877873,-20.487791,-7.320925,1.276049,4.596096,3.336214,4.676841,-17.040041,-1.034816,-0.388574,-0.251293,8.504098,2.291581,-1.261521,-0.058837,-6.878044,0.332614,-0.242722,-0.980803,-1.021342,-0.006725,-0.044623,-0.245849,-0.215872,0.083970,-0.036036
938,17.760000,4.596092,-10.907232,-0.824764,-1.383178,-22.058306,-6.954380,0.627247,4.025130,3.586688,5.626075,-16.026161,-0.683903,-0.311957,-0.249356,10.818002,2.510128,-1.465796,-0.041168,-5.791095,0.344974,-0.294556,-0.797935,-0.942932,0.006232,-0.066062,-0.193427,-0.209029,0.089992,-0.023362
939,17.780000,4.383140,-9.864375,-1.213161,-0.025592,-22.992783,-5.678049,0.095039,4.418225,3.278519,5.819362,-12.891562,-0.359717,0.556416,-0.255217,13.320604,2.476352,-1.639109,-0.037875,-4.209938,0.355687,-0.375945,-0.621614,-0.489099,0.029229,-0.067385,-0.168952,-0.129720,0.064227,-0.011938
940,17.800000,3.702151,-7.343443,-2.158195,2.807533,-21.543959,-4.463452,-0.989184,4.418680,2.480933,4.971815,-7.571766,-0.091156,1.910134,-0.270653,16.063742,2.194790,-1.798481,-0.029281,-1.875417,0.378281,-0.443511,-0.482847,0.133441,0.033870,-0.044077,-0.133143,0.023769,0.038651,-0.043142
941,17.820000,5.326867,-5.848149,-5.605140,14.886244,-11.029546,3.593254,-9.161269,1.349340,1.932750,-22.398108,4.196717,-0.453991,5.437496,-15.102974,19.829273,1.362169,-3.258442,-0.151951,0.315212,0.172353,-0.728595,-0.926493,1.009385,0.067245,0.007624,-0.212267,0.179867,0.011518,-0.092289
942,17.840000,11.633964,-7.833587,-3.715569,20.158020,-5.185134,8.536669,-14.412181,0.645286,0.944390,-23.078577,4.568745,2.670470,7.017925,-6.797287,18.662031,1.557216,-3.672017,1.749423,3.113532,0.325640,-0.609689,-0.381817,1.386253,0.024197,0.050694,-0.232246,0.211268,0.161084,-0.239252
943,17.860000,11.300393,-9.129587,0.115853,20.372524,-5.048783,8.057949,-17.010805,0.495872,1.811506,-16.788605,-0.399328,4.403913,4.923993,-4.154227,8.789166,0.815943,-2.435813,3.418778,1.795814,0.128480,-0.408606,0.629517,1.261745,0.039534,0.168640,0.090268,0.398846,0.029405,-0.038136
944,17.880000,9.196080,-9.432838,3.787088,20.613148,-2.580041,8.711815,-19.173223,0.937186,2.534293,-15.307570,-3.711649,4.211256,1.648071,-0.062394,-0.530948,-0.382570,-0.417457,4.441377,-0.157868,-0.073335,0.031020,1.059418,0.338132,-0.059201,0.124082,0.306447,0.269381,-0.093817,0.155260
945,17.900000,8.555042,-9.182358,5.326806,22.217522,-1.659240,9.813240,-20.231169,0.633733,2.720645,-15.733287,-3.681995,4.950972,0.315438,2.926496,-0.531121,-0.332409,1.057156,5.331582,-0.113627,0.089860,0.459009,1.096624,-0.321982,-0.115493,-0.015588,0.306332,0.025299,-0.074054,0.218565
946,17.920000,7.645899,-10.774961,2.057625,22.721653,-3.500272,9.553299,-15.110135,1.772319,3.693475,-14.840453,-6.387395,3.512901,0.194367,4.288613,-0.400542,1.517755,-0.164929,4.997809,-0.086330,0.513377,0.174614,0.458002,-0.684617,-0.098543,-0.127572,0.105532,-0.234098,0.042725,0.097742
947,17.940000,7.205797,-11.314767,1.475533,23.014582,-3.712344,8.840150,-14.101666,1.772541,3.673919,-14.391665,-5.754712,1.518684,-0.152009,4.510050,-0.435586,2.809894,-1.615406,5.396799,-0.053978,0.681610,-0.158122,-0.307648,-0.622691,-0.033926,-0.172400,-0.016862,-0.130865,0.110398,-0.111617
948,17.960000,7.309120,-10.546349,2.073027,20.436974,-1.066128,7.809832,-14.725939,0.405550,2.345915,-14.758921,-3.147462,0.216688,-0.670013,2.470253,-0.329947,2.494736,-2.049591,6.395423,-0.012791,0.514916,-0.266663,-0.821039,-0.561104,0.024457,-0.070587,-0.123810,-0.062201,0.168459,-0.169257
949,17.980000,3.950560,-7.274603,0.826364,18.720665,1.364195,6.643684,-11.793758,-0.622425,1.823779,-15.860828,-0.595690,-0.736568,-0.938233,0.946248,-0.231899,1.338905,-2.019842,6.848155,0.024620,0.273204,-0.357506,-0.993966,-0.706665,0.022177,0.018655,-0.199894,-0.172815,0.132420,-0.135811
950,18.000000,-1.985841,-2.437250,0.799603,17.696220,3.035075,5.645604,-8.760809,-1.488925,2.198746,-17.523851,1.778641,-1.311978,-1.550575,0.826329,-0.190204,0.351313,-2.249484,6.977360,0.029764,0.078773,-0.504801,-1.069886,-1.043142,0.013903,0.007178,-0.247728,-0.281128,0.005606,-0.104597
951,18.020000,-7.713770,1.843640,1.330389,17.843508,3.507967,4.962810,-6.925107,-1.725408,2.742011,-20.045561,3.086816,-1.719399,-2.144649,1.975372,-0.179325,-0.224102,-3.028774,6.864840,-0.013293,-0.069941,-0.666053,-1.237241,-1.403124,-0.013191,-0.045923,-0.318217,-0.388295,-0.015010,-0.119540
952,18.040000,-12.364661,4.976511,1.530762,19.035755,3.672139,4.552691,-5.557224,-1.811004,3.361099,-22.057060,4.351618,-2.014251,-2.496339,3.993810,-0.125805,-0.235139,-3.788857,6.801891,-0.039425,-0.099185,-0.816054,-1.437359,-1.674612,-0.012162,-0.047069,-0.396137,-0.475741,-0.001213,-0.158188
953,18.060000,-16.603676,7.606275,1.868288,19.664768,4.463398,4.100097,-4.284321,-2.234746,4.266307,-22.903194,5.710620,-2.060753,-2.693568,6.929192,-0.071701,0.077800,-4.241693,6.603128,-0.023647,-0.060406,-0.917114,-1.511375,-1.778719,0.004046,-0.010706,-0.407768,-0.466463,0.005594,-0.186614
954,18.080000,-19.170933,9.658046,2.418492,19.929514,5.033352,3.762839,-3.639224,-2.431655,4.790995,-21.915506,7.105018,-1.361808,-2.427614,10.197091,-0.029992,0.448544,-4.394827,6.110814,-0.003985,0.000170,-0.956761,-1.265700,-1.616087,0.004757,0.035803,-0.306109,-0.376491,-0.005995,-0.188259
955,18.100000,-18.920067,10.137141,2.649641,20.753342,4.367830,3.804518,-3.671260,-2.004301,4.795934,-19.053833,7.998930,-0.253903,-1.498413,13.503736,0.014004,0.686459,-4.270004,5.454724,0.003379,0.052276,-0.919087,-0.818947,-1.213787,-0.001180,0.049364,-0.174629,-0.264701,-0.012089,-0.160165
956,18.120000,-16.351942,8.290545,2.480923,21.042955,3.261904,3.933918,-3.791757,-1.388139,4.961840,-14.925097,7.322997,0.922440,-0.253735,16.211424,0.010170,0.654050,-3.718647,4.284236,0.010001,0.058829,-0.798210,-0.307227,-0.634612,-0.001825,0.042808,-0.051525,-0.108773,-0.028999,-0.115926
957,18.140000,-11.621796,4.218909,1.742767,20.486292,1.727290,4.164296,-3.986620,-0.578178,5.280621,-10.001022,5.780429,1.888601,1.175689,17.386826,-0.006715,0.515380,-2.568243,2.311714,0.025884,0.044405,-0.533238,0.173374,0.001426,-0.011059,0.043359,0.057907,0.077005,-0.048951,-0.063638
958,18.160000,-4.125418,-0.547052,2.535946,17.283632,-3.487344,2.166784,-3.997451,-1.622344,4.642010,-3.569663,-5.926109,3.562835,2.031586,16.724745,-6.589073,0.636196,-0.835401,-1.328716,4.338719,0.030502,-0.082552,0.760820,0.376083,-0.014904,0.054970,0.210029,0.178279,-0.078032,0.047964
959,18.180000,0.362805,-3.750943,3.714463,7.425015,-11.097705,-2.076113,-1.408059,4.872528,4.286035,4.918695,-21.306665,5.606440,1.446533,19.405445,-13.174821,1.998570,1.047900,-3.879165,5.799480,0.344857,0.372650,1.332675,-0.091086,-0.001660,-0.003486,0.345997,-0.009363,0.034392,0.204432
960,18.200000,1.073916,-1.560372,1.184085,-0.656010,-16.421240,-5.844375,0.462191,8.536935,2.750754,5.452926,-31.500517,4.509338,1.968845,21.289190,-10.799850,3.471796,0.942305,-4.883210,-1.008701,0.610311,0.214258,0.776569,-0.537941,0.039929,0.000725,0.249635,-0.169424,0.164300,0.141457
961,18.220000,2.135000,-0.753968,0.558781,0.092276,-19.052942,-3.862239,0.649823,10.647119,0.827234,4.498413,-27.096380,3.176639,3.592142,17.297361,-11.375886,4.109096,-0.261707,-3.854259,-2.994507,0.998583,0.159144,0.283325,0.004583,-0.109098,-0.003762,0.021967,-0.174646,0.127617,-0.038345
962,18.240000,4.242737,-1.228699,-0.192342,2.381927,-19.306839,-3.102097,0.388048,12.105123,-0.473736,5.556972,-23.790007,2.323173,3.904602,11.612140,-11.146702,3.934585,-1.129678,-2.244552,-4.231928,1.052358,-0.100013,-0.072860,0.437315,-0.035645,-0.021222,-0.077714,-0.011623,0.143933,-0.080790
963,18.260000,1.981069,-1.482083,-1.306778,3.860992,-21.521774,-4.181038,-1.130823,14.067470,1.186365,1.635561,-19.590740,1.659421,3.370898,1.322579,-8.275177,3.389992,-1.002210,0.026201,-5.326853,0.887970,-0.103077,-0.003813,0.783061,0.046237,-0.048918,0.006631,0.128990,0.081948,-0.039616
964,18.280000,-3.275982,2.067220,-2.448993,2.788473,-24.079121,-4.472630,-1.153353,15.226722,2.728956,-2.447060,-14.652420,0.954743,3.184137,-0.804727,-4.241910,2.653827,-0.805858,0.273559,-6.401468,0.617483,-0.178003,0.204688,0.891528,0.090524,0.077627,0.158562,0.185551,0.019933,0.030577
965,18.300000,-7.559295,7.203081,-2.436711,0.606663,-21.881756,-5.132645,-0.185850,13.557770,1.919696,-4.781809,-10.168713,0.232746,2.775105,-0.216563,-0.102261,1.350815,-0.954792,0.017303,-6.898160,0.224280,-0.429188,-0.061621,0.447015,0.173947,0.159731,0.078214,0.068698,0.029608,0.042937
966,18.320000,-10.324702,10.042844,-1.822820,-0.345986,-19.504831,-6.053240,-0.035185,12.224957,1.259545,-5.748202,-7.048600,-0.360836,1.733310,-0.153728,4.324392,0.448583,-0.980778,-0.100654,-7.207968,0.007338,-0.421474,-0.583440,-0.091913,0.079680,0.100042,-0.103859,-0.049411,0.027497,0.005797
967,18.340000,-9.933840,10.373653,-1.918199,-0.547866,-18.508759,-6.818889,0.193773,12.002259,0.387809,-3.950838,-6.134952,-0.867421,1.022463,-0.130464,7.204466,0.316523,-0.857905,-0.125668,-7.571647,-0.081559,-0.248819,-0.903048,-0.405212,-0.023274,0.022588,-0.238344,-0.113591,0.048506,-0.047786
968,18.360000,-7.493508,8.946638,-2.156661,-0.801481,-19.183931,-6.775889,0.271143,11.730785,-0.498056,-1.290861,-6.015243,-1.418323,0.805055,-0.085810,8.176576,0.984444,-0.805596,-0.113757,-7.847480,0.075678,-0.081436,-1.143404,-0.491546,-0.059194,-0.033150,-0.325408,-0.100358,0.066640,-0.078528
969,18.380000,-4.423995,6.178042,-2.101481,-0.859857,-20.425966,-6.312037,0.372068,10.414076,-0.998552,0.749159,-7.035731,-1.968592,0.698269,-0.078040,8.017111,1.695601,-0.805434,-0.083945,-7.817153,0.285494,-0.045197,-1.382406,-0.458328,-0.044982,-0.055223,-0.389361,-0.074374,0.090298,-0.104449
970,18.400000,-1.692410,2.289742,-2.456189,-0.897904,-20.980659,-5.933570,0.472677,9.451055,-0.627462,2.006873,-9.381362,-2.270605,0.380052,-0.128672,7.399309,1.914154,-0.930815,-0.065107,-7.820437,0.359163,-0.138117,-1.495129,-0.541898,-0.020663,-0.026875,-0.378414,-0.106032,0.114651,-0.100846
971,18.420000,-0.015160,-1.117764,-2.436704,-1.653559,-20.685570,-6.053846,0.846965,8.389321,0.317133,2.855644,-11.849705,-2.166282,0.111405,-0.192807,6.959372,1.989223,-0.960256,-0.064848,-7.750568,0.378176,-0.213081,-1.394864,-0.711986,-0.018657,-0.013663,-0.334038,-0.157350,0.105855,-0.112891
972,18.440000,1.093405,-4.192194,-1.739132,-2.801445,-20.242832,-6.664601,1.365732,6.780528,1.526995,3.609886,-14.041490,-1.752679,-0.235738,-0.236887,7.237743,2.069441,-0.955148,-0.075628,-7.595050,0.384917,-0.217999,-1.209057,-0.915256,-0.023934,-0.020073,-0.303854,-0.206123,0.087516,-0.095527
973,18.460000,2.604898,-7.377879,-1.046605,-3.180281,-20.274616,-7.217539,1.426440,5.087254,2.524973,4.399979,-15.442693,-1.292126,-0.511808,-0.259885,8.420531,2.182249,-1.082775,-0.069422,-7.173443,0.349245,-0.222847,-1.070153,-1.075018,-0.012297,-0.035946,-0.275001,-0.239744,0.074438,-0.054361
974,18.480000,4.232385,-9.895826,-1.082135,-1.660300,-21.151157,-7.151448,0.688304,4.298950,2.974702,5.159739,-15.229795,-1.182479,-0.538866,-0.269804,10.201221,2.470654,-1.221082,-0.044748,-5.918517,0.360338,-0.233404,-1.013194,-1.100605,-0.002505,-0.063532,-0.246134,-0.247299,0.094325,-0.034884
975,18.500000,4.512277,-9.653748,-1.297703,-0.441862,-22.103600,-6.170243,0.253381,4.295621,2.798325,5.861626,-12.892385,-1.017137,0.141927,-0.268671,12.623320,2.504627,-1.462095,-0.037858,-4.581525,0.336659,-0.325802,-0.877708,-0.689587,0.015927,-0.065633,-0.228302,-0.174446,0.082361,-0.007462
976,18.520000,4.058990,-7.614110,-2.035636,1.554879,-21.417469,-5.103528,-0.477367,4.564136,2.113580,5.448471,-8.676874,-0.710395,1.354680,-0.257454,15.316361,2.271711,-1.709477,-0.034623,-2.475342,0.359511,-0.413270,-0.741077,-0.101408,0.029903,-0.046137,-0.201648,-0.029959,0.057093,-0.032937
977,18.540000,4.701643,-6.113537,-5.759792,13.140877,-12.109478,2.017059,-8.751661,1.718705,1.597625,-21.024082,3.197123,-1.054841,4.691273,-12.850492,19.195656,1.368463,-3.207318,-3.186156,-0.623926,0.144077,-0.754775,-1.044330,0.841099,0.069258,-0.010276,-0.239245,0.157964,0.002232,-0.075463
978,18.560000,10.281221,-7.785629,-5.437812,19.140598,-5.075068,8.594727,-12.526309,0.960474,1.177014,-25.702232,4.544216,0.907008,6.894291,-8.067626,19.651754,1.336883,-3.770976,1.341561,1.155360,0.228396,-0.678993,-0.874729,1.298725,0.028925,0.045305,-0.307304,0.193983,0.135551,-0.235280
979,18.580000,10.834114,-8.636285,-0.509258,21.209398,-4.163229,8.048526,-17.039593,0.346467,1.835768,-18.458061,0.609201,3.890276,5.653769,-4.745237,10.678713,1.073847,-2.977673,2.422618,1.871722,0.235245,-0.490610,0.175411,1.326895,0.031762,0.117705,-0.113101,0.366935,0.051931,-0.108267
980,18.600000,9.214814,-9.340178,3.809532,20.742052,-2.487382,8.275014,-19.212759,0.774443,2.673708,-14.619259,-3.149849,4.313366,2.025886,0.826562,-0.096801,-0.293667,-1.061510,3.167259,-0.148812,-0.071405,-0.093487,0.975041,0.513829,0.002176,0.151895,0.279751,0.305398,-0.059399,0.124046
981,18.620000,9.540946,-9.398390,6.083543,22.208048,-1.156874,9.619580,-21.178509,0.395051,2.489438,-14.300082,-3.348783,5.624304,0.376109,5.609074,-0.688145,-0.669431,0.505935,3.925539,-0.107275,-0.015807,0.329083,1.371645,-0.219491,-0.116980,0.014768,0.384293,0.086032,-0.095788,0.209912
982,18.640000,8.579234,-10.769354,3.025886,22.424644,-2.752044,9.617806,-16.020981,1.313757,3.415850,-12.954856,-5.786162,4.528702,0.036862,7.797318,-0.364193,1.064816,0.034187,3.738725,-0.068063,0.404348,0.218880,0.910864,-0.658529,-0.120119,-0.109713,0.240474,-0.184306,0.004826,0.134702
983,18.660000,7.747753,-11.240849,1.152830,23.453833,-4.137912,9.263633,-13.297019,2.016493,3.618137,-12.639221,-6.315101,2.464902,0.347998,8.197559,-0.464101,2.728444,-1.638699,4.328722,-0.047030,0.685268,-0.189846,0.119556,-0.544455,-0.072192,-0.182422,0.093574,-0.146928,0.079533,-0.087914
984,18.680000,7.041059,-10.025433,1.983717,21.444899,-2.075731,8.327171,-13.578197,0.862538,2.465663,-12.666565,-3.635690,0.740995,-0.262321,6.546971,-0.359557,2.758785,-1.996708,5.573489,-0.015861,0.585696,-0.266608,-0.597022,-0.445026,0.031122,-0.093162,-0.069500,-0.036023,0.143939,-0.175514
985,18.700000,4.440145,-7.113947,0.666332,19.994047,0.562831,7.109380,-11.282553,-0.277885,1.540628,-13.928736,-0.854365,-0.663869,-0.350939,4.688641,-0.227661,1.694229,-1.763651,6.736770,0.011899,0.357073,-0.257784,-1.014084,-0.476510,0.038887,0.001811,-0.213026,-0.102001,0.156798,-0.141082
986,18.720000,-0.606941,-2.908270,0.059650,18.943325,2.235201,6.067716,-8.077125,-1.112170,1.742829,-15.090821,1.526422,-1.420248,-0.797641,3.977869,-0.175055,0.709618,-1.855333,7.281446,0.016049,0.188283,-0.391537,-1.165421,-0.771458,0.025989,0.022406,-0.291075,-0.221248,0.042815,-0.087568
987,18.740000,-6.619790,1.470424,1.048502,18.198650,2.961984,5.087407,-6.418702,-1.506067,2.466419,-17.452301,2.921899,-1.623299,-1.564682,4.084643,-0.157374,0.026582,-2.594419,7.101980,-0.013590,0.016165,-0.567443,-1.252942,-1.133443,-0.007089,-0.021418,-0.331251,-0.307768,-0.012884,-0.085587
988,18.760000,-11.715323,4.695619,1.725153,18.382069,3.442077,4.452972,-5.338665,-1.687309,3.317505,-19.867115,4.060471,-1.648782,-2.330513,4.957698,-0.121988,-0.218984,-3.425745,6.721832,-0.039170,-0.087759,-0.738620,-1.323390,-1.522800,-0.014683,-0.044200,-0.364784,-0.424223,-0.012288,-0.133181
989,18.780000,-16.256750,7.366974,2.189283,18.766869,4.297000,3.935568,-4.195808,-2.086398,4.301666,-21.351389,5.377418,-1.605759,-2.864651,7.040110,-0.081144,-0.090117,-4.063267,6.326601,-0.027425,-0.106736,-0.876224,-1.316279,-1.794596,-0.004118,-0.025974,-0.354254,-0.478650,0.000591,-0.183492
990,18.800000,-19.196096,9.501728,2.668678,19.149775,5.146183,3.599779,-3.498283,-2.441226,4.845847,-21.219025,6.810252,-1.216387,-2.835111,9.842224,-0.052658,0.228982,-4.439105,5.862429,-0.006336,-0.058284,-0.973842,-1.147817,-1.778739,-0.002366,0.015318,-0.270879,-0.433526,-0.001792,-0.203374
991,18.820000,-19.092426,10.244256,2.691035,20.335009,4.625266,3.691819,-3.421804,-2.131996,4.639936,-18.881069,8.056408,-0.480167,-1.929737,12.853669,0.002274,0.515140,-4.475918,5.334766,0.002087,-0.000428,-0.973162,-0.844539,-1.421613,-0.008620,0.039384,-0.169054,-0.331750,-0.009355,-0.177138
992,18.840000,-16.452164,8.485104,2.299589,20.794231,3.475097,3.889547,-3.438232,-1.493270,4.609600,-14.924794,7.430764,0.349687,-0.580293,15.505249,0.010670,0.550313,-3.977822,4.339604,0.005180,0.022093,-0.861845,-0.494553,-0.803194,-0.005400,0.041167,-0.091832,-0.153751,-0.030462,-0.132800
993,18.860000,-11.570740,4.358214,1.622193,20.135372,1.812157,4.178788,-3.730651,-0.611850,4.867903,-9.904181,5.780261,1.286098,0.910348,16.795660,-0.008884,0.441810,-2.793783,2.479445,0.015615,0.020881,-0.585017,-0.073966,-0.110500,-0.013288,0.049179,-0.010797,0.052846,-0.054754,-0.075411
994,18.880000,-3.896751,-0.428646,2.442714,16.601624,-3.678612,1.931425,-3.912527,-1.275439,4.238763,-3.242208,-6.787493,3.167756,1.787103,16.311798,-7.277438,0.599322,-0.959636,-0.974737,4.610598,0.024201,-0.113238,0.547831,0.296092,-0.015018,0.061022,0.143889,0.155337,-0.078380,0.040312
995,18.900000,-0.099650,-3.274705,3.748087,5.813979,-12.260839,-2.293552,-0.983770,6.067933,4.081672,5.120052,-23.121950,5.336329,1.331895,19.003124,-14.007938,2.038304,0.960640,-3.888466,5.956654,0.358150,0.344256,1.207435,-0.154083,0.002447,-0.008642,0.306012,-0.021693,0.044826,0.201535
996,18.920000,1.111016,-1.899849,1.250886,-1.076458,-16.486338,-6.272112,0.477597,9.106955,2.571817,5.477770,-31.664722,4.405522,1.969123,20.346249,-11.221784,3.480502,0.967501,-4.774375,-0.922610,0.590840,0.219305,0.661387,-0.624564,0.039392,0.019836,0.201376,-0.219968,0.168162,0.143085
997,18.940000,2.695925,-0.837319,0.275464,-0.048889,-20.185516,-4.088387,0.788636,11.548281,0.527414,5.102737,-27.083582,3.129128,3.922232,15.659212,-11.621401,4.252309,-0.347633,-3.500498,-2.701509,1.030904,0.155473,0.289287,0.120800,-0.128315,-0.017608,0.017441,-0.144896,0.119563,-0.028892
998,18.960000,4.466181,-1.167331,-0.412323,2.328352,-20.744398,-3.473780,0.500168,12.901997,-0.616201,5.908156,-23.820871,2.294261,4.184915,9.709339,-11.256694,4.098363,-1.123048,-1.790904,-3.613775,1.089785,-0.121849,-0.020028,0.581348,-0.026394,-0.024013,-0.061098,0.044616,0.149978,-0.076033
999,18.980000,1.076600,-1.241634,-1.176484,3.728949,-22.918596,-4.263935,-1.330020,14.779201,1.687307,0.564178,-19.163403,1.892211,3.252992,-0.406294,-8.053923,3.509373,-0.744680,0.326819,-4.774415,0.920226,-0.048315,0.164842,0.819348,0.062664,-0.041263,0.067285,0.140067,0.072321,-0.020727
1000,19.000000,-3.589542,2.148912,-2.277412,2.355478,-24.083729,-4.385874,-1.035246,14.608280,2.845183,-3.071997,-14.386716,1.209474,3.206854,-0.747855,-4.431549,2.561240,-0.673872,0.257872,-6.166767,0.572529,-0.195230,0.347824,0.842602,0.116541,0.121593,0.197775,0.162660,0.013410,0.040676
1001,19.020000,14.788042,3.243420,-1.764001,-8.215195,1.555122,6.266912,2.595335,-0.210450,-15.587283,6.540068,1.044194,-1.521273,0.358052,0.566716,-0.203583,-0.198337,0.441379,-0.078915,-0.024248,-0.162081,0.015832,-0.914170,-0.152445,-0.084696,0.120234,-0.033776,-0.065555,-0.018231,-0.042991
1002,19.040000,9.831396,-1.247112,-2.786273,-2.826953,-0.802938,4.664792,0.516612,0.260696,-10.241004,4.013151,2.651068,-3.162558,-2.256489,-0.684634,0.439211,1.618544,1.846591,0.017076,-0.192544,0.539586,0.610897,-1.357183,-0.717361,0.153481,-0.223714,-0.711571,-0.325721,0.154486,0.250467
1003,19.060000,3.890398,-4.264903,-0.113782,-0.901035,-2.919090,5.392818,-0.801760,0.839517,-4.381917,3.822135,-1.257734,-4.884382,-4.933696,7.110539,0.086090,3.757547,2.661796,-2.636659,-0.258207,1.276955,0.897375,-1.777103,-1.913262,0.193226,-0.116562,-0.636349,-0.480331,0.229914,0.073937
1004,19.080000,-2.040576,-10.333403,2.489407,-0.669643,-13.785829,-12.798656,-0.449234,4.695468,3.729784,1.638035,-21.329559,-4.135679,-6.788889,7.985332,-21.991974,6.106624,2.247107,-2.213856,13.644539,1.441925,0.735833,-2.800017,-3.670631,0.158238,-0.108598,-0.699232,-0.955214,0.215802,-0.002833
1005,19.100000,-4.880373,-19.493738,2.144239,12.418256,-24.555149,-6.665594,-7.945947,9.905858,12.283918,-8.493278,-29.505909,-2.851190,-5.683112,-5.749675,-20.346790,9.192393,-4.893996,2.226558,9.711767,1.893955,-0.940334,-2.827040,-4.263465,-0.012845,-0.122327,-0.590723,-1.200449,0.473565,-0.251503
1006,19.120000,-4.459018,-17.533175,-2.570734,41.958847,4.129025,-1.114432,-18.954948,-2.196624,14.846381,-18.162405,-1.914603,-1.741232,0.194675,-12.835571,0.369525,4.991826,-8.088649,7.414731,-0.140643,0.279725,-2.974013,-2.558489,-1.023266,-0.221224,0.129966,-0.700728,-0.218658,0.102992,-0.646094
1007,19.140000,-0.676206,-14.793287,0.287227,40.179794,-0.925819,-1.065481,-13.953535,0.255232,12.456148,-4.999786,-5.934217,0.167501,3.670724,-6.419657,0.335273,3.270945,-7.865017,7.750905,-0.301237,0.711666,-1.934869,-0.245323,1.000648,-0.060500,0.258476,0.317926,0.623555,0.258834,-0.582022
1008,19.160000,-4.149736,-12.413484,-0.407047,32.506660,-1.472905,-0.767244,-10.686051,0.594023,12.964033,-7.867631,-6.571372,1.183957,4.011753,-2.669057,-0.455264,0.649291,-4.367575,7.249713,0.069812,0.085137,-0.679437,0.568257,1.579739,0.044985,0.165883,0.395763,0.726068,0.118158,0.078622
1009,19.180000,-8.105323,-12.615802,-1.192801,29.963594,-0.003777,0.733181,-10.227441,-0.245926,15.518533,-12.711239,-5.353072,1.671255,3.236337,-2.233747,-0.532074,-1.164809,-0.990838,7.700613,0.152869,-0.432270,0.138265,0.789284,1.407654,-0.013162,0.043783,0.263712,0.414626,-0.152362,0.280121
1010,19.200000,-10.359505,-11.926639,-0.602883,27.479792,1.859976,1.857544,-9.503034,-0.889499,17.120348,-11.384139,-3.971536,1.948917,2.601686,0.231544,-0.378660,-1.999786,-0.116158,8.393742,0.122695,-0.631448,0.261666,0.846478,1.042881,0.003666,-0.009060,0.168584,0.181513,-0.239677,0.205387
1011,19.220000,-15.440365,-8.609583,0.064845,26.385496,4.674788,2.188612,-9.162558,-1.824907,18.331400,-12.955157,-2.293638,1.887567,2.290514,2.265674,-0.268724,-2.619380,-0.812146,9.220360,0.101104,-0.827164,-0.009800,0.696961,0.581868,-0.048522,0.016078,0.132178,0.042792,-0.247326,0.086731
1012,19.240000,-18.531286,-5.408681,1.089182,26.128851,5.165765,2.546698,-8.001185,-1.885261,18.688993,-12.278682,-1.075492,2.191447,2.484745,2.856239,-0.251985,-2.529094,-1.445013,9.292925,0.109089,-0.769956,-0.304287,0.630984,0.732838,-0.093743,0.086937,0.217124,0.220965,-0.216767,-0.008671
1013,19.260000,-21.592937,-2.515770,0.922698,25.818651,4.824433,2.803598,-6.500163,-1.783519,19.007929,-13.112622,0.223330,2.161365,3.279633,3.444795,-0.191279,-2.243384,-1.880133,9.036242,0.113336,-0.710084,-0.430058,0.571715,1.113850,-0.076468,0.062136,0.215153,0.414726,-0.170048,-0.043177
1014,19.280000,-24.976852,0.230682,0.602484,25.389904,4.614851,3.261271,-5.016248,-1.817524,19.484732,-14.771194,1.419612,2.197417,3.791427,3.749225,-0.139814,-1.867296,-1.990351,8.892596,0.125919,-0.616165,-0.384889,0.559228,1.242372,-0.011179,-0.000018,0.189541,0.444732,-0.134364,-0.023797
1015,19.300000,-27.844040,2.440401,0.832137,24.370827,4.399870,3.673970,-3.887427,-1.740533,19.820038,-15.976962,1.910191,2.282543,3.585871,4.185454,-0.098730,-1.274422,-1.818808,8.570437,0.133426,-0.442547,-0.311901,0.539378,1.076197,0.030561,-0.015250,0.178654,0.406954,-0.108961,-0.025884
1016,19.320000,-29.591482,3.906229,1.445915,23.165213,3.530041,4.140665,-3.374030,-1.292208,19.210506,-16.926609,1.686815,1.613187,2.114863,4.763159,-0.111461,-0.269000,-1.456308,7.986844,0.128386,-0.141133,-0.216945,0.254385,0.434594,0.029500,-0.000690,0.124549,0.250194,-0.041817,-0.052802
1017,19.340000,-29.775848,4.799392,2.215413,22.109287,2.257211,4.643073,-3.611548,-0.714077,17.216316,-17.487255,1.572842,0.112921,-0.347414,5.113614,-0.173291,0.920544,-1.326261,6.878188,0.114695,0.210064,-0.180014,-0.419871,-0.664281,0.020235,0.002986,-0.045473,-0.059400,0.041443,-0.076427
1018,19.360000,-27.904716,3.852717,2.563956,21.370085,1.001649,5.097785,-4.308692,-0.230002,14.984076,-17.156410,1.527498,-1.431751,-2.578464,5.664012,-0.283575,1.836334,-1.900748,4.603427,0.099728,0.428574,-0.348461,-1.169569,-1.724002,0.010893,-0.019271,-0.264539,-0.363157,0.079862,-0.093761
1019,19.380000,-23.461893,2.214372,3.261365,20.952675,-1.101770,5.613494,-4.809888,0.653352,11.800705,-14.285224,1.859654,-2.264125,-4.685120,7.313529,-0.424463,2.926368,-3.044797,-0.748297,0.096534,0.668407,-0.655835,-1.602887,-2.679438,-0.022052,-0.022434,-0.381442,-0.652055,0.109586,-0.137274
1020,19.400000,-16.287838,3.370722,6.230630,19.767883,-5.658344,5.822394,-3.987339,0.811774,5.437335,-7.310207,-7.486499,-1.396095,-5.930561,10.986614,-5.093880,4.588542,-3.748567,-6.379103,2.379115,1.074791,-0.887936,-1.529890,-3.119932,-0.062636,0.025087,-0.306735,-0.819671,0.161238,-0.147002
1021,19.420000,-7.771438,4.770620,6.400988,2.358484,-24.375629,-1.509298,-0.545464,13.843170,0.500080,2.457794,-41.346409,0.597736,-6.933675,16.224974,-7.917768,6.835794,-2.544967,-3.341450,0.405618,1.522500,-0.452468,-1.198276,-3.742220,0.026526,0.032641,-0.195668,-1.091437,0.332786,-0.051649
1022,19.440000,-2.615167,9.651158,0.467589,-4.701675,-36.603161,-2.652039,1.463941,30.681238,-5.922723,5.007986,-49.201759,-1.394842,-4.531866,9.489013,-7.828646,7.511357,-3.271900,-1.602370,-2.732886,1.537157,-0.948059,-2.165654,-3.278998,0.190745,-0.155131,-0.564242,-0.931628,0.434507,-0.207481
1023,19.460000,0.514706,6.664758,-1.900003,4.139873,-39.472153,-3.282840,-1.155370,34.633545,-8.142442,-2.627502,-41.996357,-4.507205,-2.762284,-0.664352,-3.879704,6.875784,-4.466781,0.371372,-2.853210,1.298585,-1.006926,-3.157255,-2.530547,0.114310,-0.164880,-1.176614,-0.938345,0.272292,-0.131241
1024,19.480000,3.772844,2.542341,-1.799484,11.421603,-37.629513,-1.645869,-3.312028,30.959520,-8.051200,-1.086387,-28.024387,-6.506971,-2.147546,-0.265341,-0.591358,5.175394,-3.861823,0.185702,-4.354258,0.818365,-0.893396,-3.366613,-1.801023,0.134423,-0.074806,-1.276747,-0.656519,0.103786,-0.150029
1025,19.500000,1.186316,3.684289,-0.107996,11.672375,-37.101013,0.444682,-4.000239,25.904177,-6.905033,-1.642481,-20.245693,-6.209814,-2.284509,-0.020885,1.091571,3.554161,-2.025011,0.064240,-7.022701,0.645664,-0.447759,-2.919769,-1.563802,0.120684,-0.025067,-0.996132,-0.437090,-0.010472,-0.128667
1026,19.520000,-4.218805,8.439823,0.344914,8.112045,-32.670078,0.540620,-3.372232,23.074987,-6.480869,-2.521749,-16.514006,-4.908328,-4.140462,-0.072253,1.873185,1.989911,-0.218223,0.042035,-8.937030,0.398588,0.051415,-2.463821,-2.368586,0.128797,-0.120728,-0.739255,-0.599815,-0.002585,-0.124865
1027,19.540000,-6.671986,10.988464,0.791709,3.354802,-26.619629,-0.100372,-1.738461,17.741293,-6.220376,-3.223500,-13.079298,-2.618972,-4.353038,-0.216261,1.330760,1.010153,0.667966,-0.058461,-8.798597,0.227386,0.259948,-1.808199,-2.774747,0.042811,-0.101450,-0.372341,-0.808682,-0.042891,-0.166165
1028,19.560000,-7.054698,9.070372,1.715352,-0.424972,-23.195379,-0.497631,0.147596,12.543980,-3.855378,-2.448720,-12.491123,-0.847340,-3.426077,-0.168901,1.052719,0.989133,0.971182,-0.108763,-8.000126,0.119890,0.247434,-1.174651,-2.428222,-0.037589,-0.032584,-0.162192,-0.743013,0.041180,-0.171186
1029,19.580000,-7.572917,6.371274,2.199591,-3.793478,-21.723946,-1.733121,1.627308,10.665428,-0.949650,-1.476558,-15.163741,0.217116,-2.675664,-0.211846,1.711458,0.998461,0.928753,-0.090841,-7.601844,-0.022994,0.229393,-0.731413,-2.101708,-0.024728,0.100497,-0.108388,-0.645796,0.149246,-0.047041
1030,19.600000,-6.698289,2.928300,2.360808,-6.710591,-19.418406,-3.727072,2.628690,10.160687,1.363879,-0.062030,-17.872257,1.108836,-2.584373,-0.204370,2.498014,0.987795,0.777071,-0.083599,-7.225683,-0.058158,0.188156,-0.345482,-2.024203,-0.008972,0.225377,-0.018611,-0.558350,0.139102,0.056294
1031,19.620000,-6.364100,-0.950892,2.355623,-9.120388,-16.254414,-5.642615,3.562537,8.696536,4.410100,0.080352,-18.703831,2.236696,-1.705059,-0.254836,3.461742,1.172113,0.586692,-0.103644,-6.719905,0.053787,0.239634,0.007768,-2.072330,-0.026250,0.250929,-0.014358,-0.516406,0.027850,0.140498
1032,19.640000,-6.110999,-4.935533,2.861441,-10.544762,-12.951234,-7.794976,4.183745,6.471441,8.047790,0.342996,-18.528839,3.764919,-0.382845,-0.312171,3.900242,1.440940,-0.030553,-0.146985,-6.165682,0.252290,0.194970,0.606402,-1.904259,-0.050711,0.129391,0.055647,-0.468310,-0.046991,0.144355
1033,19.660000,-4.183739,-9.508478,3.441504,-10.476734,-10.893188,-9.798548,4.285230,3.869597,11.178177,1.189342,-17.627132,5.417627,1.191722,-0.310605,5.079494,1.781902,-0.881880,-0.161638,-5.390821,0.479592,0.045098,1.402225,-1.185493,-0.071577,-0.016806,0.298897,-0.276340,-0.041793,0.091194
1034,19.680000,-1.077059,-14.905073,2.801251,-8.387106,-10.888381,-10.785038,3.562152,2.045141,13.840283,1.718941,-16.500687,6.684512,2.792321,-0.282226,7.156990,2.068160,-1.986877,-0.105380,-4.792737,0.668766,-0.265686,2.200088,-0.013788,-0.066769,-0.094748,0.580829,0.067446,0.012012,0.035508
1035,19.700000,1.870709,-20.142782,0.952658,-6.966117,-11.274405,-10.412567,2.952079,1.386633,15.948324,1.882045,-15.971151,7.079104,3.805665,-0.351045,8.338613,2.212426,-2.751447,-0.035744,-4.271120,0.713700,-0.558657,2.717650,0.891488,-0.040804,-0.036504,0.772650,0.371193,0.054958,-0.052627
1036,19.720000,5.177657,-25.682617,-1.349093,-5.507237,-11.915506,-9.269665,2.223556,1.651087,17.746359,2.435868,-16.499649,6.692857,4.747489,-0.360692,8.082554,2.153983,-3.116640,0.010565,-3.518707,0.624887,-0.715436,2.814902,1.500137,0.015536,0.001324,0.823809,0.548960,0.036010,-0.103100
1037,19.740000,8.192174,-30.287128,-2.842320,-3.860629,-14.574599,-7.324260,1.409709,1.226828,18.832005,3.034261,-17.930773,5.945839,5.389899,-0.315691,8.153527,2.048942,-3.153766,0.049025,-2.262933,0.486415,-0.781196,2.553455,1.903700,0.065007,0.008731,0.784972,0.658936,0.000471,-0.132416
1038,19.760000,9.650558,-32.506557,-3.752698,-1.594700,-17.746197,-4.980575,0.352294,1.493605,18.833899,3.067480,-18.625710,4.945614,5.420130,-0.318181,8.458626,2.102474,-2.922371,0.072645,0.236122,0.379418,-0.784813,2.004420,2.075780,0.085140,0.018551,0.668506,0.701729,0.003008,-0.152125
1039,19.780000,10.302466,-32.349865,-5.622337,0.688226,-21.048443,-2.675409,-0.530785,2.951206,17.501823,3.858950,-17.440355,2.667933,5.694575,-0.285189,9.401285,2.309861,-2.565487,0.038581,3.160617,0.422778,-0.672194,1.016689,2.206018,0.047527,0.019184,0.418587,0.733001,0.053986,-0.152839
1040,19.800000,10.784280,-30.772896,-8.326157,3.590225,-25.274485,-1.022022,-1.713620,5.395173,14.814748,4.581924,-15.874401,-0.548727,6.077165,-0.349936,10.888850,3.022546,-1.992661,-0.035025,6.108409,0.648158,-0.474747,-0.431848,2.158158,0.040630,-0.002344,0.027152,0.671032,0.121659,-0.126437
1041,19.820000,11.981791,-29.232283,-9.566737,4.712014,-26.989964,-1.228798,-1.829157,6.823226,11.725765,6.632950,-15.160882,-3.230495,6.225406,-0.398880,13.252290,3.423898,-1.627893,-0.147894,6.464625,0.670310,-0.428322,-1.757284,2.319510,0.054924,-0.006512,-0.411924,0.626965,0.130018,-0.045348
1042,19.840000,18.633751,-29.069153,-16.041330,22.674995,-13.383125,5.367808,-14.098934,0.010657,7.339989,-21.967560,-2.721225,-5.612454,8.486747,-16.368927,16.035965,1.818172,-4.261243,-2.825268,2.412649,0.061829,-0.885400,-3.382421,2.779946,-0.007523,-0.068036,-0.941652,0.765142,0.082451,-0.025368
1043,19.860000,37.950523,-37.411980,-21.483257,33.813065,6.597804,13.189824,-20.809654,-1.492822,0.615459,-23.767538,-4.276188,-6.559686,10.456606,-4.567297,5.697877,2.920489,-4.451834,9.106591,1.072157,0.361034,-0.767691,-4.458762,2.402279,-0.125521,0.088799,-1.270581,0.424583,0.242765,-0.246218
1044,19.880000,39.665344,-36.997028,-19.695078,31.703686,2.413446,10.435810,-15.769329,-0.891684,-0.527255,-7.947501,-12.975536,-7.914429,10.383877,-4.416077,-1.183260,2.899107,-3.094527,9.225725,-0.374439,0.604674,-0.376626,-4.045391,2.743993,-0.090404,0.053908,-0.923659,0.588856,0.206320,0.065437
1045,19.900000,30.720671,-31.429234,-12.676895,26.721771,-3.865087,7.173273,-10.633180,0.798432,0.547081,-0.757123,-15.529520,-7.188969,4.393194,-1.254278,-1.118250,2.657385,-0.966848,7.740035,-0.115539,0.529182,0.032997,-3.512358,1.365134,-0.002539,-0.044590,-0.736484,0.394765,0.110103,0.268555
1046,19.920000,18.984240,-22.606306,-5.427629,19.335445,-3.561423,4.712522,-7.651104,1.978219,0.281160,-1.925895,-15.872511,-5.725912,-2.892881,-1.163632,-1.147548,1.938464,0.789894,5.697525,0.072438,0.146468,0.122119,-3.210622,-1.117032,-0.088268,-0.136606,-0.619738,-0.026900,0.073243,0.038696
1047,19.940000,10.634737,-14.302905,-0.448311,17.459436,-1.889578,4.862762,-8.993859,1.550352,-1.306696,-5.671851,-9.239132,-5.123150,-7.359506,-1.034440,-1.107366,1.276883,2.477288,6.324007,0.086332,0.217073,0.539842,-2.943307,-3.287335,-0.131036,-0.049885,-0.681438,-0.699588,0.075490,0.081809
1048,19.960000,9.072344,-8.741205,1.945380,21.686577,2.058162,6.822784,-14.929641,-0.857965,-4.897995,-10.459553,1.475620,-4.834540,-9.065395,-1.818269,-0.671392,1.507539,1.850909,8.950988,0.104884,0.525246,0.538499,-2.799686,-4.436916,-0.076211,0.014947,-0.744049,-1.231418,0.195258,0.099625
1049,19.980000,-0.686955,1.221426,4.467581,25.004770,4.563701,6.012832,-14.181726,-2.413418,-5.216269,-14.181217,7.512039,-4.096327,-9.771117,-1.271747,-0.261657,0.557608,-0.444958,9.900672,0.113304,0.248959,0.163125,-2.338099,-4.869390,0.043680,0.015297,-0.655092,-1.414818,0.177011,0.002887
1050,20.000000,-12.859300,10.131353,6.891936,26.982695,3.921020,2.607837,-11.519230,-2.125813,-2.837986,-18.678299,8.461535,-3.654866,-10.375250,-1.010768,-0.050146,-1.288000,-3.008120,9.309543,0.070142,-0.360573,-0.243535,-2.083146,-4.875487,-0.015595,-0.029075,-0.540410,-1.331599,0.042190,-0.093346
